video_id,safe_description,near_crash_description,crash_description
-2PbLgrSGfc,"[0s: euroncap footage shows controlled crash test view view in crash_and_safety_test, during daytime, under clear weather.] [2s: Traffic remains orderly as the subject vehicle moves smoothly while nearby actors behave predictably.] [4s: The scene resolves safely with no contact, no panic braking, and no hazardous conflict.]","[0s: euroncap footage begins from controlled crash test view view in crash_and_safety_test, during daytime, under clear weather.] [2s: A hazardous interaction develops as a sudden cut-in forces a sharp brake and evasive steering correction.] [4s: The participants recover at the last moment, producing a near-crash without visible impact.]","[0s: euroncap footage shows normal movement from controlled crash test view view in crash_and_safety_test, during daytime, under clear weather.] [2s: The conflict escalates rapidly and a rear-end collision develops.] [4s: Contact becomes unavoidable, the impact is visible, and the scene ends in a confirmed crash event.]"
-SzPMFtTbns,"[0s: euroncap footage shows controlled crash test view view in crash_and_safety_test, during daytime, under clear weather.] [2s: Traffic remains orderly as the subject vehicle moves smoothly while nearby actors behave predictably.] [4s: The scene resolves safely with no contact, no panic braking, and no hazardous conflict.]","[0s: euroncap footage begins from controlled crash test view view in crash_and_safety_test, during daytime, under clear weather.] [2s: A hazardous interaction develops as a vehicle or road user intrudes into the path, creating a brief but severe conflict.] [4s: The participants recover at the last moment, producing a near-crash without visible impact.]","[0s: euroncap footage shows normal movement from controlled crash test view view in crash_and_safety_test, during daytime, under clear weather.] [2s: The conflict escalates rapidly and a side-impact collision develops.] [4s: Contact becomes unavoidable, the impact is visible, and the scene ends in a confirmed crash event.]"
12OAVvldgLQ,"[0s: euroncap footage shows controlled crash test view view in crash_and_safety_test, during daytime, under clear weather.] [2s: Traffic remains orderly as the subject vehicle keeps a stable lane position and leaves generous spacing.] [4s: The scene resolves safely with no contact, no panic braking, and no hazardous conflict.]","[0s: euroncap footage begins from controlled crash test view view in crash_and_safety_test, during daytime, under clear weather.] [2s: A hazardous interaction develops as a sudden cut-in forces a sharp brake and evasive steering correction.] [4s: The participants recover at the last moment, producing a near-crash without visible impact.]","[0s: euroncap footage shows normal movement from controlled crash test view view in crash_and_safety_test, during daytime, under clear weather.] [2s: The conflict escalates rapidly and a rear-end collision develops.] [4s: Contact becomes unavoidable, the impact is visible, and the scene ends in a confirmed crash event.]"
1vBk3JWZX9A,"[0s: euroncap footage shows controlled crash test view view in crash_and_safety_test, during daytime, under clear weather.] [2s: Traffic remains orderly as the subject vehicle moves smoothly while nearby actors behave predictably.] [4s: The scene resolves safely with no contact, no panic braking, and no hazardous conflict.]","[0s: euroncap footage begins from controlled crash test view view in crash_and_safety_test, during daytime, under clear weather.] [2s: A hazardous interaction develops as traffic compresses rapidly and the gap closes to a dangerous margin before recovery.] [4s: The participants recover at the last moment, producing a near-crash without visible impact.]","[0s: euroncap footage shows normal movement from controlled crash test view view in crash_and_safety_test, during daytime, under clear weather.] [2s: The conflict escalates rapidly and a multi-vehicle crash develops.] [4s: Contact becomes unavoidable, the impact is visible, and the scene ends in a confirmed crash event.]"
2heOE1alEcI,"[0s: euroncap footage shows controlled crash test view view in crash_and_safety_test, during daytime, under clear weather.] [2s: Traffic remains orderly as the subject vehicle keeps a stable lane position and leaves generous spacing.] [4s: The scene resolves safely with no contact, no panic braking, and no hazardous conflict.]","[0s: euroncap footage begins from controlled crash test view view in crash_and_safety_test, during daytime, under clear weather.] [2s: A hazardous interaction develops as traffic compresses rapidly and the gap closes to a dangerous margin before recovery.] [4s: The participants recover at the last moment, producing a near-crash without visible impact.]","[0s: euroncap footage shows normal movement from controlled crash test view view in crash_and_safety_test, during daytime, under clear weather.] [2s: The conflict escalates rapidly and a frontal impact develops.] [4s: Contact becomes unavoidable, the impact is visible, and the scene ends in a confirmed crash event.]"
2sS59H4omgo,"[0s: euroncap footage shows controlled crash test view view in crash_and_safety_test, during daytime, under clear weather.] [2s: Traffic remains orderly as the subject vehicle keeps a stable lane position and leaves generous spacing.] [4s: The scene resolves safely with no contact, no panic braking, and no hazardous conflict.]","[0s: euroncap footage begins from controlled crash test view view in crash_and_safety_test, during daytime, under clear weather.] [2s: A hazardous interaction develops as a sudden cut-in forces a sharp brake and evasive steering correction.] [4s: The participants recover at the last moment, producing a near-crash without visible impact.]","[0s: euroncap footage shows normal movement from controlled crash test view view in crash_and_safety_test, during daytime, under clear weather.] [2s: The conflict escalates rapidly and a rear-end collision develops.] [4s: Contact becomes unavoidable, the impact is visible, and the scene ends in a confirmed crash event.]"
2ykoE_FyWpI,"[0s: euroncap footage shows controlled crash test view view in crash_and_safety_test, during daytime, under clear weather.] [2s: Traffic remains orderly as the subject vehicle keeps a stable lane position and leaves generous spacing.] [4s: The scene resolves safely with no contact, no panic braking, and no hazardous conflict.]","[0s: euroncap footage begins from controlled crash test view view in crash_and_safety_test, during daytime, under clear weather.] [2s: A hazardous interaction develops as a sudden cut-in forces a sharp brake and evasive steering correction.] [4s: The participants recover at the last moment, producing a near-crash without visible impact.]","[0s: euroncap footage shows normal movement from controlled crash test view view in crash_and_safety_test, during daytime, under clear weather.] [2s: The conflict escalates rapidly and a multi-vehicle crash develops.] [4s: Contact becomes unavoidable, the impact is visible, and the scene ends in a confirmed crash event.]"
3qqI_Cp7kyc,"[0s: euroncap footage shows controlled crash test view view in crash_and_safety_test, during daytime, under clear weather.] [2s: Traffic remains orderly as the subject vehicle moves smoothly while nearby actors behave predictably.] [4s: The scene resolves safely with no contact, no panic braking, and no hazardous conflict.]","[0s: euroncap footage begins from controlled crash test view view in crash_and_safety_test, during daytime, under clear weather.] [2s: A hazardous interaction develops as a sudden cut-in forces a sharp brake and evasive steering correction.] [4s: The participants recover at the last moment, producing a near-crash without visible impact.]","[0s: euroncap footage shows normal movement from controlled crash test view view in crash_and_safety_test, during daytime, under clear weather.] [2s: The conflict escalates rapidly and a multi-vehicle crash develops.] [4s: Contact becomes unavoidable, the impact is visible, and the scene ends in a confirmed crash event.]"
4CPUdZ66qTk,"[0s: euroncap footage shows controlled crash test view view in crash_and_safety_test, during daytime, under clear weather.] [2s: Traffic remains orderly as the subject vehicle keeps a stable lane position and leaves generous spacing.] [4s: The scene resolves safely with no contact, no panic braking, and no hazardous conflict.]","[0s: euroncap footage begins from controlled crash test view view in crash_and_safety_test, during daytime, under clear weather.] [2s: A hazardous interaction develops as traffic compresses rapidly and the gap closes to a dangerous margin before recovery.] [4s: The participants recover at the last moment, producing a near-crash without visible impact.]","[0s: euroncap footage shows normal movement from controlled crash test view view in crash_and_safety_test, during daytime, under clear weather.] [2s: The conflict escalates rapidly and a multi-vehicle crash develops.] [4s: Contact becomes unavoidable, the impact is visible, and the scene ends in a confirmed crash event.]"
4wxH5KSX1so,"[0s: euroncap footage shows controlled crash test view view in crash_and_safety_test, during daytime, under clear weather.] [2s: Traffic remains orderly as the subject vehicle maintains a calm pace and anticipates surrounding traffic.] [4s: The scene resolves safely with no contact, no panic braking, and no hazardous conflict.]","[0s: euroncap footage begins from controlled crash test view view in crash_and_safety_test, during daytime, under clear weather.] [2s: A hazardous interaction develops as a sudden cut-in forces a sharp brake and evasive steering correction.] [4s: The participants recover at the last moment, producing a near-crash without visible impact.]","[0s: euroncap footage shows normal movement from controlled crash test view view in crash_and_safety_test, during daytime, under clear weather.] [2s: The conflict escalates rapidly and a frontal impact develops.] [4s: Contact becomes unavoidable, the impact is visible, and the scene ends in a confirmed crash event.]"
53Oq2-kIBAY,"[0s: euroncap footage shows controlled crash test view view in crash_and_safety_test, during daytime, under clear weather.] [2s: Traffic remains orderly as the subject vehicle moves smoothly while nearby actors behave predictably.] [4s: The scene resolves safely with no contact, no panic braking, and no hazardous conflict.]","[0s: euroncap footage begins from controlled crash test view view in crash_and_safety_test, during daytime, under clear weather.] [2s: A hazardous interaction develops as a vehicle or road user intrudes into the path, creating a brief but severe conflict.] [4s: The participants recover at the last moment, producing a near-crash without visible impact.]","[0s: euroncap footage shows normal movement from controlled crash test view view in crash_and_safety_test, during daytime, under clear weather.] [2s: The conflict escalates rapidly and a rear-end collision develops.] [4s: Contact becomes unavoidable, the impact is visible, and the scene ends in a confirmed crash event.]"
5RZl3vU7UAM,"[0s: euroncap footage shows controlled crash test view view in crash_and_safety_test, during daytime, under clear weather.] [2s: Traffic remains orderly as the subject vehicle keeps a stable lane position and leaves generous spacing.] [4s: The scene resolves safely with no contact, no panic braking, and no hazardous conflict.]","[0s: euroncap footage begins from controlled crash test view view in crash_and_safety_test, during daytime, under clear weather.] [2s: A hazardous interaction develops as traffic compresses rapidly and the gap closes to a dangerous margin before recovery.] [4s: The participants recover at the last moment, producing a near-crash without visible impact.]","[0s: euroncap footage shows normal movement from controlled crash test view view in crash_and_safety_test, during daytime, under clear weather.] [2s: The conflict escalates rapidly and a frontal impact develops.] [4s: Contact becomes unavoidable, the impact is visible, and the scene ends in a confirmed crash event.]"
5q_1TBZb7RQ,"[0s: euroncap footage shows controlled crash test view view in crash_and_safety_test, during daytime, under clear weather.] [2s: Traffic remains orderly as the subject vehicle maintains a calm pace and anticipates surrounding traffic.] [4s: The scene resolves safely with no contact, no panic braking, and no hazardous conflict.]","[0s: euroncap footage begins from controlled crash test view view in crash_and_safety_test, during daytime, under clear weather.] [2s: A hazardous interaction develops as a vehicle or road user intrudes into the path, creating a brief but severe conflict.] [4s: The participants recover at the last moment, producing a near-crash without visible impact.]","[0s: euroncap footage shows normal movement from controlled crash test view view in crash_and_safety_test, during daytime, under clear weather.] [2s: The conflict escalates rapidly and a side-impact collision develops.] [4s: Contact becomes unavoidable, the impact is visible, and the scene ends in a confirmed crash event.]"
6BwKdtaBdDA,"[0s: euroncap footage shows controlled crash test view view in crash_and_safety_test, during daytime, under clear weather.] [2s: Traffic remains orderly as the subject vehicle keeps a stable lane position and leaves generous spacing.] [4s: The scene resolves safely with no contact, no panic braking, and no hazardous conflict.]","[0s: euroncap footage begins from controlled crash test view view in crash_and_safety_test, during daytime, under clear weather.] [2s: A hazardous interaction develops as a vehicle or road user intrudes into the path, creating a brief but severe conflict.] [4s: The participants recover at the last moment, producing a near-crash without visible impact.]","[0s: euroncap footage shows normal movement from controlled crash test view view in crash_and_safety_test, during daytime, under clear weather.] [2s: The conflict escalates rapidly and a rear-end collision develops.] [4s: Contact becomes unavoidable, the impact is visible, and the scene ends in a confirmed crash event.]"
6D1JOYtw3iQ,"[0s: euroncap footage shows controlled crash test view view in crash_and_safety_test, during daytime, under clear weather.] [2s: Traffic remains orderly as the subject vehicle keeps a stable lane position and leaves generous spacing.] [4s: The scene resolves safely with no contact, no panic braking, and no hazardous conflict.]","[0s: euroncap footage begins from controlled crash test view view in crash_and_safety_test, during daytime, under clear weather.] [2s: A hazardous interaction develops as a vehicle or road user intrudes into the path, creating a brief but severe conflict.] [4s: The participants recover at the last moment, producing a near-crash without visible impact.]","[0s: euroncap footage shows normal movement from controlled crash test view view in crash_and_safety_test, during daytime, under clear weather.] [2s: The conflict escalates rapidly and a rear-end collision develops.] [4s: Contact becomes unavoidable, the impact is visible, and the scene ends in a confirmed crash event.]"
6nj9UWN05H4,"[0s: euroncap footage shows controlled crash test view view in crash_and_safety_test, during daytime, under clear weather.] [2s: Traffic remains orderly as the subject vehicle maintains a calm pace and anticipates surrounding traffic.] [4s: The scene resolves safely with no contact, no panic braking, and no hazardous conflict.]","[0s: euroncap footage begins from controlled crash test view view in crash_and_safety_test, during daytime, under clear weather.] [2s: A hazardous interaction develops as a vehicle or road user intrudes into the path, creating a brief but severe conflict.] [4s: The participants recover at the last moment, producing a near-crash without visible impact.]","[0s: euroncap footage shows normal movement from controlled crash test view view in crash_and_safety_test, during daytime, under clear weather.] [2s: The conflict escalates rapidly and a multi-vehicle crash develops.] [4s: Contact becomes unavoidable, the impact is visible, and the scene ends in a confirmed crash event.]"
6rzaT2I856A,"[0s: euroncap footage shows controlled crash test view view in crash_and_safety_test, during daytime, under clear weather.] [2s: Traffic remains orderly as the subject vehicle maintains a calm pace and anticipates surrounding traffic.] [4s: The scene resolves safely with no contact, no panic braking, and no hazardous conflict.]","[0s: euroncap footage begins from controlled crash test view view in crash_and_safety_test, during daytime, under clear weather.] [2s: A hazardous interaction develops as a sudden cut-in forces a sharp brake and evasive steering correction.] [4s: The participants recover at the last moment, producing a near-crash without visible impact.]","[0s: euroncap footage shows normal movement from controlled crash test view view in crash_and_safety_test, during daytime, under clear weather.] [2s: The conflict escalates rapidly and a frontal impact develops.] [4s: Contact becomes unavoidable, the impact is visible, and the scene ends in a confirmed crash event.]"
76KNs-2quK4,"[0s: euroncap footage shows controlled crash test view view in crash_and_safety_test, during daytime, under clear weather.] [2s: Traffic remains orderly as the subject vehicle moves smoothly while nearby actors behave predictably.] [4s: The scene resolves safely with no contact, no panic braking, and no hazardous conflict.]","[0s: euroncap footage begins from controlled crash test view view in crash_and_safety_test, during daytime, under clear weather.] [2s: A hazardous interaction develops as a sudden cut-in forces a sharp brake and evasive steering correction.] [4s: The participants recover at the last moment, producing a near-crash without visible impact.]","[0s: euroncap footage shows normal movement from controlled crash test view view in crash_and_safety_test, during daytime, under clear weather.] [2s: The conflict escalates rapidly and a frontal impact develops.] [4s: Contact becomes unavoidable, the impact is visible, and the scene ends in a confirmed crash event.]"
7RMe1Gn2jHc,"[0s: euroncap footage shows controlled crash test view view in crash_and_safety_test, during daytime, under clear weather.] [2s: Traffic remains orderly as the subject vehicle keeps a stable lane position and leaves generous spacing.] [4s: The scene resolves safely with no contact, no panic braking, and no hazardous conflict.]","[0s: euroncap footage begins from controlled crash test view view in crash_and_safety_test, during daytime, under clear weather.] [2s: A hazardous interaction develops as traffic compresses rapidly and the gap closes to a dangerous margin before recovery.] [4s: The participants recover at the last moment, producing a near-crash without visible impact.]","[0s: euroncap footage shows normal movement from controlled crash test view view in crash_and_safety_test, during daytime, under clear weather.] [2s: The conflict escalates rapidly and a side-swipe collision develops.] [4s: Contact becomes unavoidable, the impact is visible, and the scene ends in a confirmed crash event.]"
8o6tuUYPr2Y,"[0s: euroncap footage shows controlled crash test view view in crash_and_safety_test, during daytime, under clear weather.] [2s: Traffic remains orderly as the subject vehicle moves smoothly while nearby actors behave predictably.] [4s: The scene resolves safely with no contact, no panic braking, and no hazardous conflict.]","[0s: euroncap footage begins from controlled crash test view view in crash_and_safety_test, during daytime, under clear weather.] [2s: A hazardous interaction develops as traffic compresses rapidly and the gap closes to a dangerous margin before recovery.] [4s: The participants recover at the last moment, producing a near-crash without visible impact.]","[0s: euroncap footage shows normal movement from controlled crash test view view in crash_and_safety_test, during daytime, under clear weather.] [2s: The conflict escalates rapidly and a side-swipe collision develops.] [4s: Contact becomes unavoidable, the impact is visible, and the scene ends in a confirmed crash event.]"
91CDnY_fkMo,"[0s: euroncap footage shows controlled crash test view view in crash_and_safety_test, during daytime, under clear weather.] [2s: Traffic remains orderly as the subject vehicle moves smoothly while nearby actors behave predictably.] [4s: The scene resolves safely with no contact, no panic braking, and no hazardous conflict.]","[0s: euroncap footage begins from controlled crash test view view in crash_and_safety_test, during daytime, under clear weather.] [2s: A hazardous interaction develops as a sudden cut-in forces a sharp brake and evasive steering correction.] [4s: The participants recover at the last moment, producing a near-crash without visible impact.]","[0s: euroncap footage shows normal movement from controlled crash test view view in crash_and_safety_test, during daytime, under clear weather.] [2s: The conflict escalates rapidly and a rear-end collision develops.] [4s: Contact becomes unavoidable, the impact is visible, and the scene ends in a confirmed crash event.]"
9zoWcJrplyQ,"[0s: euroncap footage shows controlled crash test view view in crash_and_safety_test, during daytime, under clear weather.] [2s: Traffic remains orderly as the subject vehicle keeps a stable lane position and leaves generous spacing.] [4s: The scene resolves safely with no contact, no panic braking, and no hazardous conflict.]","[0s: euroncap footage begins from controlled crash test view view in crash_and_safety_test, during daytime, under clear weather.] [2s: A hazardous interaction develops as traffic compresses rapidly and the gap closes to a dangerous margin before recovery.] [4s: The participants recover at the last moment, producing a near-crash without visible impact.]","[0s: euroncap footage shows normal movement from controlled crash test view view in crash_and_safety_test, during daytime, under clear weather.] [2s: The conflict escalates rapidly and a side-impact collision develops.] [4s: Contact becomes unavoidable, the impact is visible, and the scene ends in a confirmed crash event.]"
A67uFzn1F9o,"[0s: euroncap footage shows controlled crash test view view in crash_and_safety_test, during daytime, under clear weather.] [2s: Traffic remains orderly as the subject vehicle maintains a calm pace and anticipates surrounding traffic.] [4s: The scene resolves safely with no contact, no panic braking, and no hazardous conflict.]","[0s: euroncap footage begins from controlled crash test view view in crash_and_safety_test, during daytime, under clear weather.] [2s: A hazardous interaction develops as a sudden cut-in forces a sharp brake and evasive steering correction.] [4s: The participants recover at the last moment, producing a near-crash without visible impact.]","[0s: euroncap footage shows normal movement from controlled crash test view view in crash_and_safety_test, during daytime, under clear weather.] [2s: The conflict escalates rapidly and a side-impact collision develops.] [4s: Contact becomes unavoidable, the impact is visible, and the scene ends in a confirmed crash event.]"
ABP2PSzSW28,"[0s: euroncap footage shows controlled crash test view view in crash_and_safety_test, during daytime, under clear weather.] [2s: Traffic remains orderly as the subject vehicle keeps a stable lane position and leaves generous spacing.] [4s: The scene resolves safely with no contact, no panic braking, and no hazardous conflict.]","[0s: euroncap footage begins from controlled crash test view view in crash_and_safety_test, during daytime, under clear weather.] [2s: A hazardous interaction develops as a vehicle or road user intrudes into the path, creating a brief but severe conflict.] [4s: The participants recover at the last moment, producing a near-crash without visible impact.]","[0s: euroncap footage shows normal movement from controlled crash test view view in crash_and_safety_test, during daytime, under clear weather.] [2s: The conflict escalates rapidly and a side-swipe collision develops.] [4s: Contact becomes unavoidable, the impact is visible, and the scene ends in a confirmed crash event.]"
B1SGckxFb1A,"[0s: euroncap footage shows controlled crash test view view in crash_and_safety_test, during daytime, under clear weather.] [2s: Traffic remains orderly as the subject vehicle maintains a calm pace and anticipates surrounding traffic.] [4s: The scene resolves safely with no contact, no panic braking, and no hazardous conflict.]","[0s: euroncap footage begins from controlled crash test view view in crash_and_safety_test, during daytime, under clear weather.] [2s: A hazardous interaction develops as traffic compresses rapidly and the gap closes to a dangerous margin before recovery.] [4s: The participants recover at the last moment, producing a near-crash without visible impact.]","[0s: euroncap footage shows normal movement from controlled crash test view view in crash_and_safety_test, during daytime, under clear weather.] [2s: The conflict escalates rapidly and a side-swipe collision develops.] [4s: Contact becomes unavoidable, the impact is visible, and the scene ends in a confirmed crash event.]"
BY1ztkKr2X4,"[0s: euroncap footage shows controlled crash test view view in crash_and_safety_test, during daytime, under clear weather.] [2s: Traffic remains orderly as the subject vehicle keeps a stable lane position and leaves generous spacing.] [4s: The scene resolves safely with no contact, no panic braking, and no hazardous conflict.]","[0s: euroncap footage begins from controlled crash test view view in crash_and_safety_test, during daytime, under clear weather.] [2s: A hazardous interaction develops as a vehicle or road user intrudes into the path, creating a brief but severe conflict.] [4s: The participants recover at the last moment, producing a near-crash without visible impact.]","[0s: euroncap footage shows normal movement from controlled crash test view view in crash_and_safety_test, during daytime, under clear weather.] [2s: The conflict escalates rapidly and a side-swipe collision develops.] [4s: Contact becomes unavoidable, the impact is visible, and the scene ends in a confirmed crash event.]"
BwdZ_tqRi5M,"[0s: euroncap footage shows controlled crash test view view in crash_and_safety_test, during daytime, under clear weather.] [2s: Traffic remains orderly as the subject vehicle keeps a stable lane position and leaves generous spacing.] [4s: The scene resolves safely with no contact, no panic braking, and no hazardous conflict.]","[0s: euroncap footage begins from controlled crash test view view in crash_and_safety_test, during daytime, under clear weather.] [2s: A hazardous interaction develops as traffic compresses rapidly and the gap closes to a dangerous margin before recovery.] [4s: The participants recover at the last moment, producing a near-crash without visible impact.]","[0s: euroncap footage shows normal movement from controlled crash test view view in crash_and_safety_test, during daytime, under clear weather.] [2s: The conflict escalates rapidly and a side-swipe collision develops.] [4s: Contact becomes unavoidable, the impact is visible, and the scene ends in a confirmed crash event.]"
CDaNNdpyAOE,"[0s: euroncap footage shows controlled crash test view view in crash_and_safety_test, during daytime, under clear weather.] [2s: Traffic remains orderly as the subject vehicle moves smoothly while nearby actors behave predictably.] [4s: The scene resolves safely with no contact, no panic braking, and no hazardous conflict.]","[0s: euroncap footage begins from controlled crash test view view in crash_and_safety_test, during daytime, under clear weather.] [2s: A hazardous interaction develops as traffic compresses rapidly and the gap closes to a dangerous margin before recovery.] [4s: The participants recover at the last moment, producing a near-crash without visible impact.]","[0s: euroncap footage shows normal movement from controlled crash test view view in crash_and_safety_test, during daytime, under clear weather.] [2s: The conflict escalates rapidly and a rear-end collision develops.] [4s: Contact becomes unavoidable, the impact is visible, and the scene ends in a confirmed crash event.]"
CX7jXHC-vj4,"[0s: euroncap footage shows controlled crash test view view in crash_and_safety_test, during daytime, under clear weather.] [2s: Traffic remains orderly as the subject vehicle moves smoothly while nearby actors behave predictably.] [4s: The scene resolves safely with no contact, no panic braking, and no hazardous conflict.]","[0s: euroncap footage begins from controlled crash test view view in crash_and_safety_test, during daytime, under clear weather.] [2s: A hazardous interaction develops as traffic compresses rapidly and the gap closes to a dangerous margin before recovery.] [4s: The participants recover at the last moment, producing a near-crash without visible impact.]","[0s: euroncap footage shows normal movement from controlled crash test view view in crash_and_safety_test, during daytime, under clear weather.] [2s: The conflict escalates rapidly and a side-impact collision develops.] [4s: Contact becomes unavoidable, the impact is visible, and the scene ends in a confirmed crash event.]"
DKSiS9h7fKI,"[0s: euroncap footage shows controlled crash test view view in crash_and_safety_test, during daytime, under clear weather.] [2s: Traffic remains orderly as the subject vehicle moves smoothly while nearby actors behave predictably.] [4s: The scene resolves safely with no contact, no panic braking, and no hazardous conflict.]","[0s: euroncap footage begins from controlled crash test view view in crash_and_safety_test, during daytime, under clear weather.] [2s: A hazardous interaction develops as traffic compresses rapidly and the gap closes to a dangerous margin before recovery.] [4s: The participants recover at the last moment, producing a near-crash without visible impact.]","[0s: euroncap footage shows normal movement from controlled crash test view view in crash_and_safety_test, during daytime, under clear weather.] [2s: The conflict escalates rapidly and a side-impact collision develops.] [4s: Contact becomes unavoidable, the impact is visible, and the scene ends in a confirmed crash event.]"
Em2Pe8MtCC0,"[0s: euroncap footage shows controlled crash test view view in crash_and_safety_test, during daytime, under clear weather.] [2s: Traffic remains orderly as the subject vehicle keeps a stable lane position and leaves generous spacing.] [4s: The scene resolves safely with no contact, no panic braking, and no hazardous conflict.]","[0s: euroncap footage begins from controlled crash test view view in crash_and_safety_test, during daytime, under clear weather.] [2s: A hazardous interaction develops as a vehicle or road user intrudes into the path, creating a brief but severe conflict.] [4s: The participants recover at the last moment, producing a near-crash without visible impact.]","[0s: euroncap footage shows normal movement from controlled crash test view view in crash_and_safety_test, during daytime, under clear weather.] [2s: The conflict escalates rapidly and a frontal impact develops.] [4s: Contact becomes unavoidable, the impact is visible, and the scene ends in a confirmed crash event.]"
GBuiL0Ymbys,"[0s: euroncap footage shows controlled crash test view view in crash_and_safety_test, during daytime, under clear weather.] [2s: Traffic remains orderly as the subject vehicle maintains a calm pace and anticipates surrounding traffic.] [4s: The scene resolves safely with no contact, no panic braking, and no hazardous conflict.]","[0s: euroncap footage begins from controlled crash test view view in crash_and_safety_test, during daytime, under clear weather.] [2s: A hazardous interaction develops as traffic compresses rapidly and the gap closes to a dangerous margin before recovery.] [4s: The participants recover at the last moment, producing a near-crash without visible impact.]","[0s: euroncap footage shows normal movement from controlled crash test view view in crash_and_safety_test, during daytime, under clear weather.] [2s: The conflict escalates rapidly and a multi-vehicle crash develops.] [4s: Contact becomes unavoidable, the impact is visible, and the scene ends in a confirmed crash event.]"
GDSRAIM0uJo,"[0s: euroncap footage shows controlled crash test view view in crash_and_safety_test, during daytime, under clear weather.] [2s: Traffic remains orderly as the subject vehicle keeps a stable lane position and leaves generous spacing.] [4s: The scene resolves safely with no contact, no panic braking, and no hazardous conflict.]","[0s: euroncap footage begins from controlled crash test view view in crash_and_safety_test, during daytime, under clear weather.] [2s: A hazardous interaction develops as traffic compresses rapidly and the gap closes to a dangerous margin before recovery.] [4s: The participants recover at the last moment, producing a near-crash without visible impact.]","[0s: euroncap footage shows normal movement from controlled crash test view view in crash_and_safety_test, during daytime, under clear weather.] [2s: The conflict escalates rapidly and a side-swipe collision develops.] [4s: Contact becomes unavoidable, the impact is visible, and the scene ends in a confirmed crash event.]"
GGazJyV-IAI,"[0s: euroncap footage shows controlled crash test view view in crash_and_safety_test, during daytime, under clear weather.] [2s: Traffic remains orderly as the subject vehicle keeps a stable lane position and leaves generous spacing.] [4s: The scene resolves safely with no contact, no panic braking, and no hazardous conflict.]","[0s: euroncap footage begins from controlled crash test view view in crash_and_safety_test, during daytime, under clear weather.] [2s: A hazardous interaction develops as a sudden cut-in forces a sharp brake and evasive steering correction.] [4s: The participants recover at the last moment, producing a near-crash without visible impact.]","[0s: euroncap footage shows normal movement from controlled crash test view view in crash_and_safety_test, during daytime, under clear weather.] [2s: The conflict escalates rapidly and a rear-end collision develops.] [4s: Contact becomes unavoidable, the impact is visible, and the scene ends in a confirmed crash event.]"
Gd1UjaC6CCw,"[0s: euroncap footage shows controlled crash test view view in crash_and_safety_test, during daytime, under clear weather.] [2s: Traffic remains orderly as the subject vehicle maintains a calm pace and anticipates surrounding traffic.] [4s: The scene resolves safely with no contact, no panic braking, and no hazardous conflict.]","[0s: euroncap footage begins from controlled crash test view view in crash_and_safety_test, during daytime, under clear weather.] [2s: A hazardous interaction develops as a vehicle or road user intrudes into the path, creating a brief but severe conflict.] [4s: The participants recover at the last moment, producing a near-crash without visible impact.]","[0s: euroncap footage shows normal movement from controlled crash test view view in crash_and_safety_test, during daytime, under clear weather.] [2s: The conflict escalates rapidly and a side-swipe collision develops.] [4s: Contact becomes unavoidable, the impact is visible, and the scene ends in a confirmed crash event.]"
GtE6g792E2w,"[0s: euroncap footage shows controlled crash test view view in crash_and_safety_test, during daytime, under clear weather.] [2s: Traffic remains orderly as the subject vehicle keeps a stable lane position and leaves generous spacing.] [4s: The scene resolves safely with no contact, no panic braking, and no hazardous conflict.]","[0s: euroncap footage begins from controlled crash test view view in crash_and_safety_test, during daytime, under clear weather.] [2s: A hazardous interaction develops as a sudden cut-in forces a sharp brake and evasive steering correction.] [4s: The participants recover at the last moment, producing a near-crash without visible impact.]","[0s: euroncap footage shows normal movement from controlled crash test view view in crash_and_safety_test, during daytime, under clear weather.] [2s: The conflict escalates rapidly and a multi-vehicle crash develops.] [4s: Contact becomes unavoidable, the impact is visible, and the scene ends in a confirmed crash event.]"
HUpcQVc5IpE,"[0s: euroncap footage shows controlled crash test view view in crash_and_safety_test, during daytime, under clear weather.] [2s: Traffic remains orderly as the subject vehicle moves smoothly while nearby actors behave predictably.] [4s: The scene resolves safely with no contact, no panic braking, and no hazardous conflict.]","[0s: euroncap footage begins from controlled crash test view view in crash_and_safety_test, during daytime, under clear weather.] [2s: A hazardous interaction develops as a vehicle or road user intrudes into the path, creating a brief but severe conflict.] [4s: The participants recover at the last moment, producing a near-crash without visible impact.]","[0s: euroncap footage shows normal movement from controlled crash test view view in crash_and_safety_test, during daytime, under clear weather.] [2s: The conflict escalates rapidly and a side-impact collision develops.] [4s: Contact becomes unavoidable, the impact is visible, and the scene ends in a confirmed crash event.]"
I8w3Cdu0yN4,"[0s: euroncap footage shows controlled crash test view view in crash_and_safety_test, during daytime, under clear weather.] [2s: Traffic remains orderly as the subject vehicle moves smoothly while nearby actors behave predictably.] [4s: The scene resolves safely with no contact, no panic braking, and no hazardous conflict.]","[0s: euroncap footage begins from controlled crash test view view in crash_and_safety_test, during daytime, under clear weather.] [2s: A hazardous interaction develops as a vehicle or road user intrudes into the path, creating a brief but severe conflict.] [4s: The participants recover at the last moment, producing a near-crash without visible impact.]","[0s: euroncap footage shows normal movement from controlled crash test view view in crash_and_safety_test, during daytime, under clear weather.] [2s: The conflict escalates rapidly and a frontal impact develops.] [4s: Contact becomes unavoidable, the impact is visible, and the scene ends in a confirmed crash event.]"
L3KrmksmqiU,"[0s: euroncap footage shows controlled crash test view view in crash_and_safety_test, during daytime, under clear weather.] [2s: Traffic remains orderly as the subject vehicle moves smoothly while nearby actors behave predictably.] [4s: The scene resolves safely with no contact, no panic braking, and no hazardous conflict.]","[0s: euroncap footage begins from controlled crash test view view in crash_and_safety_test, during daytime, under clear weather.] [2s: A hazardous interaction develops as a vehicle or road user intrudes into the path, creating a brief but severe conflict.] [4s: The participants recover at the last moment, producing a near-crash without visible impact.]","[0s: euroncap footage shows normal movement from controlled crash test view view in crash_and_safety_test, during daytime, under clear weather.] [2s: The conflict escalates rapidly and a side-impact collision develops.] [4s: Contact becomes unavoidable, the impact is visible, and the scene ends in a confirmed crash event.]"
LqWFtq9Qfvs,"[0s: euroncap footage shows controlled crash test view view in crash_and_safety_test, during daytime, under clear weather.] [2s: Traffic remains orderly as the subject vehicle maintains a calm pace and anticipates surrounding traffic.] [4s: The scene resolves safely with no contact, no panic braking, and no hazardous conflict.]","[0s: euroncap footage begins from controlled crash test view view in crash_and_safety_test, during daytime, under clear weather.] [2s: A hazardous interaction develops as a sudden cut-in forces a sharp brake and evasive steering correction.] [4s: The participants recover at the last moment, producing a near-crash without visible impact.]","[0s: euroncap footage shows normal movement from controlled crash test view view in crash_and_safety_test, during daytime, under clear weather.] [2s: The conflict escalates rapidly and a side-impact collision develops.] [4s: Contact becomes unavoidable, the impact is visible, and the scene ends in a confirmed crash event.]"
MDQErxvdzzI,"[0s: euroncap footage shows controlled crash test view view in crash_and_safety_test, during daytime, under clear weather.] [2s: Traffic remains orderly as the subject vehicle moves smoothly while nearby actors behave predictably.] [4s: The scene resolves safely with no contact, no panic braking, and no hazardous conflict.]","[0s: euroncap footage begins from controlled crash test view view in crash_and_safety_test, during daytime, under clear weather.] [2s: A hazardous interaction develops as traffic compresses rapidly and the gap closes to a dangerous margin before recovery.] [4s: The participants recover at the last moment, producing a near-crash without visible impact.]","[0s: euroncap footage shows normal movement from controlled crash test view view in crash_and_safety_test, during daytime, under clear weather.] [2s: The conflict escalates rapidly and a multi-vehicle crash develops.] [4s: Contact becomes unavoidable, the impact is visible, and the scene ends in a confirmed crash event.]"
MfqRq5hqXjo,"[0s: euroncap footage shows controlled crash test view view in crash_and_safety_test, during daytime, under clear weather.] [2s: Traffic remains orderly as the subject vehicle maintains a calm pace and anticipates surrounding traffic.] [4s: The scene resolves safely with no contact, no panic braking, and no hazardous conflict.]","[0s: euroncap footage begins from controlled crash test view view in crash_and_safety_test, during daytime, under clear weather.] [2s: A hazardous interaction develops as traffic compresses rapidly and the gap closes to a dangerous margin before recovery.] [4s: The participants recover at the last moment, producing a near-crash without visible impact.]","[0s: euroncap footage shows normal movement from controlled crash test view view in crash_and_safety_test, during daytime, under clear weather.] [2s: The conflict escalates rapidly and a multi-vehicle crash develops.] [4s: Contact becomes unavoidable, the impact is visible, and the scene ends in a confirmed crash event.]"
NaWVepTJTGw,"[0s: euroncap footage shows controlled crash test view view in crash_and_safety_test, during daytime, under clear weather.] [2s: Traffic remains orderly as the subject vehicle maintains a calm pace and anticipates surrounding traffic.] [4s: The scene resolves safely with no contact, no panic braking, and no hazardous conflict.]","[0s: euroncap footage begins from controlled crash test view view in crash_and_safety_test, during daytime, under clear weather.] [2s: A hazardous interaction develops as traffic compresses rapidly and the gap closes to a dangerous margin before recovery.] [4s: The participants recover at the last moment, producing a near-crash without visible impact.]","[0s: euroncap footage shows normal movement from controlled crash test view view in crash_and_safety_test, during daytime, under clear weather.] [2s: The conflict escalates rapidly and a frontal impact develops.] [4s: Contact becomes unavoidable, the impact is visible, and the scene ends in a confirmed crash event.]"
NqiIYzetr6g,"[0s: euroncap footage shows controlled crash test view view in crash_and_safety_test, during daytime, under clear weather.] [2s: Traffic remains orderly as the subject vehicle maintains a calm pace and anticipates surrounding traffic.] [4s: The scene resolves safely with no contact, no panic braking, and no hazardous conflict.]","[0s: euroncap footage begins from controlled crash test view view in crash_and_safety_test, during daytime, under clear weather.] [2s: A hazardous interaction develops as a sudden cut-in forces a sharp brake and evasive steering correction.] [4s: The participants recover at the last moment, producing a near-crash without visible impact.]","[0s: euroncap footage shows normal movement from controlled crash test view view in crash_and_safety_test, during daytime, under clear weather.] [2s: The conflict escalates rapidly and a side-impact collision develops.] [4s: Contact becomes unavoidable, the impact is visible, and the scene ends in a confirmed crash event.]"
NwwrPvrZqt0,"[0s: euroncap footage shows controlled crash test view view in crash_and_safety_test, during daytime, under clear weather.] [2s: Traffic remains orderly as the subject vehicle moves smoothly while nearby actors behave predictably.] [4s: The scene resolves safely with no contact, no panic braking, and no hazardous conflict.]","[0s: euroncap footage begins from controlled crash test view view in crash_and_safety_test, during daytime, under clear weather.] [2s: A hazardous interaction develops as a vehicle or road user intrudes into the path, creating a brief but severe conflict.] [4s: The participants recover at the last moment, producing a near-crash without visible impact.]","[0s: euroncap footage shows normal movement from controlled crash test view view in crash_and_safety_test, during daytime, under clear weather.] [2s: The conflict escalates rapidly and a rear-end collision develops.] [4s: Contact becomes unavoidable, the impact is visible, and the scene ends in a confirmed crash event.]"
OYSrDMt95jU,"[0s: euroncap footage shows controlled crash test view view in crash_and_safety_test, during daytime, under clear weather.] [2s: Traffic remains orderly as the subject vehicle keeps a stable lane position and leaves generous spacing.] [4s: The scene resolves safely with no contact, no panic braking, and no hazardous conflict.]","[0s: euroncap footage begins from controlled crash test view view in crash_and_safety_test, during daytime, under clear weather.] [2s: A hazardous interaction develops as a sudden cut-in forces a sharp brake and evasive steering correction.] [4s: The participants recover at the last moment, producing a near-crash without visible impact.]","[0s: euroncap footage shows normal movement from controlled crash test view view in crash_and_safety_test, during daytime, under clear weather.] [2s: The conflict escalates rapidly and a side-impact collision develops.] [4s: Contact becomes unavoidable, the impact is visible, and the scene ends in a confirmed crash event.]"
PptL4gay6lw,"[0s: euroncap footage shows controlled crash test view view in crash_and_safety_test, during daytime, under clear weather.] [2s: Traffic remains orderly as the subject vehicle moves smoothly while nearby actors behave predictably.] [4s: The scene resolves safely with no contact, no panic braking, and no hazardous conflict.]","[0s: euroncap footage begins from controlled crash test view view in crash_and_safety_test, during daytime, under clear weather.] [2s: A hazardous interaction develops as a sudden cut-in forces a sharp brake and evasive steering correction.] [4s: The participants recover at the last moment, producing a near-crash without visible impact.]","[0s: euroncap footage shows normal movement from controlled crash test view view in crash_and_safety_test, during daytime, under clear weather.] [2s: The conflict escalates rapidly and a frontal impact develops.] [4s: Contact becomes unavoidable, the impact is visible, and the scene ends in a confirmed crash event.]"
QvlIcN9To64,"[0s: euroncap footage shows controlled crash test view view in crash_and_safety_test, during daytime, under clear weather.] [2s: Traffic remains orderly as the subject vehicle moves smoothly while nearby actors behave predictably.] [4s: The scene resolves safely with no contact, no panic braking, and no hazardous conflict.]","[0s: euroncap footage begins from controlled crash test view view in crash_and_safety_test, during daytime, under clear weather.] [2s: A hazardous interaction develops as a sudden cut-in forces a sharp brake and evasive steering correction.] [4s: The participants recover at the last moment, producing a near-crash without visible impact.]","[0s: euroncap footage shows normal movement from controlled crash test view view in crash_and_safety_test, during daytime, under clear weather.] [2s: The conflict escalates rapidly and a frontal impact develops.] [4s: Contact becomes unavoidable, the impact is visible, and the scene ends in a confirmed crash event.]"
REmRigcv9j0,"[0s: euroncap footage shows controlled crash test view view in crash_and_safety_test, during daytime, under clear weather.] [2s: Traffic remains orderly as the subject vehicle maintains a calm pace and anticipates surrounding traffic.] [4s: The scene resolves safely with no contact, no panic braking, and no hazardous conflict.]","[0s: euroncap footage begins from controlled crash test view view in crash_and_safety_test, during daytime, under clear weather.] [2s: A hazardous interaction develops as traffic compresses rapidly and the gap closes to a dangerous margin before recovery.] [4s: The participants recover at the last moment, producing a near-crash without visible impact.]","[0s: euroncap footage shows normal movement from controlled crash test view view in crash_and_safety_test, during daytime, under clear weather.] [2s: The conflict escalates rapidly and a frontal impact develops.] [4s: Contact becomes unavoidable, the impact is visible, and the scene ends in a confirmed crash event.]"
TIxUylmJeh4,"[0s: euroncap footage shows controlled crash test view view in crash_and_safety_test, during daytime, under clear weather.] [2s: Traffic remains orderly as the subject vehicle moves smoothly while nearby actors behave predictably.] [4s: The scene resolves safely with no contact, no panic braking, and no hazardous conflict.]","[0s: euroncap footage begins from controlled crash test view view in crash_and_safety_test, during daytime, under clear weather.] [2s: A hazardous interaction develops as a vehicle or road user intrudes into the path, creating a brief but severe conflict.] [4s: The participants recover at the last moment, producing a near-crash without visible impact.]","[0s: euroncap footage shows normal movement from controlled crash test view view in crash_and_safety_test, during daytime, under clear weather.] [2s: The conflict escalates rapidly and a multi-vehicle crash develops.] [4s: Contact becomes unavoidable, the impact is visible, and the scene ends in a confirmed crash event.]"
TXRAVpqcXQg,"[0s: euroncap footage shows controlled crash test view view in crash_and_safety_test, during daytime, under clear weather.] [2s: Traffic remains orderly as the subject vehicle keeps a stable lane position and leaves generous spacing.] [4s: The scene resolves safely with no contact, no panic braking, and no hazardous conflict.]","[0s: euroncap footage begins from controlled crash test view view in crash_and_safety_test, during daytime, under clear weather.] [2s: A hazardous interaction develops as traffic compresses rapidly and the gap closes to a dangerous margin before recovery.] [4s: The participants recover at the last moment, producing a near-crash without visible impact.]","[0s: euroncap footage shows normal movement from controlled crash test view view in crash_and_safety_test, during daytime, under clear weather.] [2s: The conflict escalates rapidly and a rear-end collision develops.] [4s: Contact becomes unavoidable, the impact is visible, and the scene ends in a confirmed crash event.]"
UIj7ydGfUew,"[0s: euroncap footage shows controlled crash test view view in crash_and_safety_test, during daytime, under clear weather.] [2s: Traffic remains orderly as the subject vehicle moves smoothly while nearby actors behave predictably.] [4s: The scene resolves safely with no contact, no panic braking, and no hazardous conflict.]","[0s: euroncap footage begins from controlled crash test view view in crash_and_safety_test, during daytime, under clear weather.] [2s: A hazardous interaction develops as traffic compresses rapidly and the gap closes to a dangerous margin before recovery.] [4s: The participants recover at the last moment, producing a near-crash without visible impact.]","[0s: euroncap footage shows normal movement from controlled crash test view view in crash_and_safety_test, during daytime, under clear weather.] [2s: The conflict escalates rapidly and a side-swipe collision develops.] [4s: Contact becomes unavoidable, the impact is visible, and the scene ends in a confirmed crash event.]"
VNfhc6aWyT8,"[0s: euroncap footage shows controlled crash test view view in crash_and_safety_test, during daytime, under clear weather.] [2s: Traffic remains orderly as the subject vehicle moves smoothly while nearby actors behave predictably.] [4s: The scene resolves safely with no contact, no panic braking, and no hazardous conflict.]","[0s: euroncap footage begins from controlled crash test view view in crash_and_safety_test, during daytime, under clear weather.] [2s: A hazardous interaction develops as a vehicle or road user intrudes into the path, creating a brief but severe conflict.] [4s: The participants recover at the last moment, producing a near-crash without visible impact.]","[0s: euroncap footage shows normal movement from controlled crash test view view in crash_and_safety_test, during daytime, under clear weather.] [2s: The conflict escalates rapidly and a rear-end collision develops.] [4s: Contact becomes unavoidable, the impact is visible, and the scene ends in a confirmed crash event.]"
VvPVpdPYQ48,"[0s: euroncap footage shows controlled crash test view view in crash_and_safety_test, during daytime, under clear weather.] [2s: Traffic remains orderly as the subject vehicle maintains a calm pace and anticipates surrounding traffic.] [4s: The scene resolves safely with no contact, no panic braking, and no hazardous conflict.]","[0s: euroncap footage begins from controlled crash test view view in crash_and_safety_test, during daytime, under clear weather.] [2s: A hazardous interaction develops as a vehicle or road user intrudes into the path, creating a brief but severe conflict.] [4s: The participants recover at the last moment, producing a near-crash without visible impact.]","[0s: euroncap footage shows normal movement from controlled crash test view view in crash_and_safety_test, during daytime, under clear weather.] [2s: The conflict escalates rapidly and a side-impact collision develops.] [4s: Contact becomes unavoidable, the impact is visible, and the scene ends in a confirmed crash event.]"
Wc8mgFUCLsM,"[0s: euroncap footage shows controlled crash test view view in crash_and_safety_test, during daytime, under clear weather.] [2s: Traffic remains orderly as the subject vehicle maintains a calm pace and anticipates surrounding traffic.] [4s: The scene resolves safely with no contact, no panic braking, and no hazardous conflict.]","[0s: euroncap footage begins from controlled crash test view view in crash_and_safety_test, during daytime, under clear weather.] [2s: A hazardous interaction develops as a sudden cut-in forces a sharp brake and evasive steering correction.] [4s: The participants recover at the last moment, producing a near-crash without visible impact.]","[0s: euroncap footage shows normal movement from controlled crash test view view in crash_and_safety_test, during daytime, under clear weather.] [2s: The conflict escalates rapidly and a side-swipe collision develops.] [4s: Contact becomes unavoidable, the impact is visible, and the scene ends in a confirmed crash event.]"
XzKFn1OIRdo,"[0s: euroncap footage shows controlled crash test view view in crash_and_safety_test, during daytime, under clear weather.] [2s: Traffic remains orderly as the subject vehicle moves smoothly while nearby actors behave predictably.] [4s: The scene resolves safely with no contact, no panic braking, and no hazardous conflict.]","[0s: euroncap footage begins from controlled crash test view view in crash_and_safety_test, during daytime, under clear weather.] [2s: A hazardous interaction develops as a sudden cut-in forces a sharp brake and evasive steering correction.] [4s: The participants recover at the last moment, producing a near-crash without visible impact.]","[0s: euroncap footage shows normal movement from controlled crash test view view in crash_and_safety_test, during daytime, under clear weather.] [2s: The conflict escalates rapidly and a multi-vehicle crash develops.] [4s: Contact becomes unavoidable, the impact is visible, and the scene ends in a confirmed crash event.]"
Y1ChRkAyHow,"[0s: euroncap footage shows controlled crash test view view in crash_and_safety_test, during daytime, under clear weather.] [2s: Traffic remains orderly as the subject vehicle keeps a stable lane position and leaves generous spacing.] [4s: The scene resolves safely with no contact, no panic braking, and no hazardous conflict.]","[0s: euroncap footage begins from controlled crash test view view in crash_and_safety_test, during daytime, under clear weather.] [2s: A hazardous interaction develops as traffic compresses rapidly and the gap closes to a dangerous margin before recovery.] [4s: The participants recover at the last moment, producing a near-crash without visible impact.]","[0s: euroncap footage shows normal movement from controlled crash test view view in crash_and_safety_test, during daytime, under clear weather.] [2s: The conflict escalates rapidly and a side-swipe collision develops.] [4s: Contact becomes unavoidable, the impact is visible, and the scene ends in a confirmed crash event.]"
YIe7XVXqDIQ,"[0s: euroncap footage shows controlled crash test view view in crash_and_safety_test, during daytime, under clear weather.] [2s: Traffic remains orderly as the subject vehicle moves smoothly while nearby actors behave predictably.] [4s: The scene resolves safely with no contact, no panic braking, and no hazardous conflict.]","[0s: euroncap footage begins from controlled crash test view view in crash_and_safety_test, during daytime, under clear weather.] [2s: A hazardous interaction develops as traffic compresses rapidly and the gap closes to a dangerous margin before recovery.] [4s: The participants recover at the last moment, producing a near-crash without visible impact.]","[0s: euroncap footage shows normal movement from controlled crash test view view in crash_and_safety_test, during daytime, under clear weather.] [2s: The conflict escalates rapidly and a multi-vehicle crash develops.] [4s: Contact becomes unavoidable, the impact is visible, and the scene ends in a confirmed crash event.]"
ZPv9uEcdrGI,"[0s: euroncap footage shows controlled crash test view view in crash_and_safety_test, during daytime, under clear weather.] [2s: Traffic remains orderly as the subject vehicle keeps a stable lane position and leaves generous spacing.] [4s: The scene resolves safely with no contact, no panic braking, and no hazardous conflict.]","[0s: euroncap footage begins from controlled crash test view view in crash_and_safety_test, during daytime, under clear weather.] [2s: A hazardous interaction develops as a sudden cut-in forces a sharp brake and evasive steering correction.] [4s: The participants recover at the last moment, producing a near-crash without visible impact.]","[0s: euroncap footage shows normal movement from controlled crash test view view in crash_and_safety_test, during daytime, under clear weather.] [2s: The conflict escalates rapidly and a side-swipe collision develops.] [4s: Contact becomes unavoidable, the impact is visible, and the scene ends in a confirmed crash event.]"
Z_7tp_-p8Lc,"[0s: euroncap footage shows controlled crash test view view in crash_and_safety_test, during daytime, under clear weather.] [2s: Traffic remains orderly as the subject vehicle keeps a stable lane position and leaves generous spacing.] [4s: The scene resolves safely with no contact, no panic braking, and no hazardous conflict.]","[0s: euroncap footage begins from controlled crash test view view in crash_and_safety_test, during daytime, under clear weather.] [2s: A hazardous interaction develops as traffic compresses rapidly and the gap closes to a dangerous margin before recovery.] [4s: The participants recover at the last moment, producing a near-crash without visible impact.]","[0s: euroncap footage shows normal movement from controlled crash test view view in crash_and_safety_test, during daytime, under clear weather.] [2s: The conflict escalates rapidly and a multi-vehicle crash develops.] [4s: Contact becomes unavoidable, the impact is visible, and the scene ends in a confirmed crash event.]"
_JZdFNRIjVc,"[0s: euroncap footage shows controlled crash test view view in crash_and_safety_test, during daytime, under clear weather.] [2s: Traffic remains orderly as the subject vehicle keeps a stable lane position and leaves generous spacing.] [4s: The scene resolves safely with no contact, no panic braking, and no hazardous conflict.]","[0s: euroncap footage begins from controlled crash test view view in crash_and_safety_test, during daytime, under clear weather.] [2s: A hazardous interaction develops as traffic compresses rapidly and the gap closes to a dangerous margin before recovery.] [4s: The participants recover at the last moment, producing a near-crash without visible impact.]","[0s: euroncap footage shows normal movement from controlled crash test view view in crash_and_safety_test, during daytime, under clear weather.] [2s: The conflict escalates rapidly and a side-swipe collision develops.] [4s: Contact becomes unavoidable, the impact is visible, and the scene ends in a confirmed crash event.]"
b0fN2-Hf78U,"[0s: euroncap footage shows controlled crash test view view in crash_and_safety_test, during daytime, under clear weather.] [2s: Traffic remains orderly as the subject vehicle maintains a calm pace and anticipates surrounding traffic.] [4s: The scene resolves safely with no contact, no panic braking, and no hazardous conflict.]","[0s: euroncap footage begins from controlled crash test view view in crash_and_safety_test, during daytime, under clear weather.] [2s: A hazardous interaction develops as a sudden cut-in forces a sharp brake and evasive steering correction.] [4s: The participants recover at the last moment, producing a near-crash without visible impact.]","[0s: euroncap footage shows normal movement from controlled crash test view view in crash_and_safety_test, during daytime, under clear weather.] [2s: The conflict escalates rapidly and a rear-end collision develops.] [4s: Contact becomes unavoidable, the impact is visible, and the scene ends in a confirmed crash event.]"
beXBjM8uFJI,"[0s: euroncap footage shows controlled crash test view view in crash_and_safety_test, during daytime, under clear weather.] [2s: Traffic remains orderly as the subject vehicle maintains a calm pace and anticipates surrounding traffic.] [4s: The scene resolves safely with no contact, no panic braking, and no hazardous conflict.]","[0s: euroncap footage begins from controlled crash test view view in crash_and_safety_test, during daytime, under clear weather.] [2s: A hazardous interaction develops as a vehicle or road user intrudes into the path, creating a brief but severe conflict.] [4s: The participants recover at the last moment, producing a near-crash without visible impact.]","[0s: euroncap footage shows normal movement from controlled crash test view view in crash_and_safety_test, during daytime, under clear weather.] [2s: The conflict escalates rapidly and a side-impact collision develops.] [4s: Contact becomes unavoidable, the impact is visible, and the scene ends in a confirmed crash event.]"
dHXp7dUD3yw,"[0s: euroncap footage shows controlled crash test view view in crash_and_safety_test, during daytime, under clear weather.] [2s: Traffic remains orderly as the subject vehicle keeps a stable lane position and leaves generous spacing.] [4s: The scene resolves safely with no contact, no panic braking, and no hazardous conflict.]","[0s: euroncap footage begins from controlled crash test view view in crash_and_safety_test, during daytime, under clear weather.] [2s: A hazardous interaction develops as a sudden cut-in forces a sharp brake and evasive steering correction.] [4s: The participants recover at the last moment, producing a near-crash without visible impact.]","[0s: euroncap footage shows normal movement from controlled crash test view view in crash_and_safety_test, during daytime, under clear weather.] [2s: The conflict escalates rapidly and a multi-vehicle crash develops.] [4s: Contact becomes unavoidable, the impact is visible, and the scene ends in a confirmed crash event.]"
dKYJAgsRYc0,"[0s: euroncap footage shows controlled crash test view view in crash_and_safety_test, during daytime, under clear weather.] [2s: Traffic remains orderly as the subject vehicle keeps a stable lane position and leaves generous spacing.] [4s: The scene resolves safely with no contact, no panic braking, and no hazardous conflict.]","[0s: euroncap footage begins from controlled crash test view view in crash_and_safety_test, during daytime, under clear weather.] [2s: A hazardous interaction develops as a sudden cut-in forces a sharp brake and evasive steering correction.] [4s: The participants recover at the last moment, producing a near-crash without visible impact.]","[0s: euroncap footage shows normal movement from controlled crash test view view in crash_and_safety_test, during daytime, under clear weather.] [2s: The conflict escalates rapidly and a frontal impact develops.] [4s: Contact becomes unavoidable, the impact is visible, and the scene ends in a confirmed crash event.]"
d_FNmjM1nKc,"[0s: euroncap footage shows controlled crash test view view in crash_and_safety_test, during daytime, under clear weather.] [2s: Traffic remains orderly as the subject vehicle keeps a stable lane position and leaves generous spacing.] [4s: The scene resolves safely with no contact, no panic braking, and no hazardous conflict.]","[0s: euroncap footage begins from controlled crash test view view in crash_and_safety_test, during daytime, under clear weather.] [2s: A hazardous interaction develops as traffic compresses rapidly and the gap closes to a dangerous margin before recovery.] [4s: The participants recover at the last moment, producing a near-crash without visible impact.]","[0s: euroncap footage shows normal movement from controlled crash test view view in crash_and_safety_test, during daytime, under clear weather.] [2s: The conflict escalates rapidly and a side-impact collision develops.] [4s: Contact becomes unavoidable, the impact is visible, and the scene ends in a confirmed crash event.]"
e_MXf7NOqHE,"[0s: euroncap footage shows controlled crash test view view in crash_and_safety_test, during daytime, under clear weather.] [2s: Traffic remains orderly as the subject vehicle keeps a stable lane position and leaves generous spacing.] [4s: The scene resolves safely with no contact, no panic braking, and no hazardous conflict.]","[0s: euroncap footage begins from controlled crash test view view in crash_and_safety_test, during daytime, under clear weather.] [2s: A hazardous interaction develops as traffic compresses rapidly and the gap closes to a dangerous margin before recovery.] [4s: The participants recover at the last moment, producing a near-crash without visible impact.]","[0s: euroncap footage shows normal movement from controlled crash test view view in crash_and_safety_test, during daytime, under clear weather.] [2s: The conflict escalates rapidly and a frontal impact develops.] [4s: Contact becomes unavoidable, the impact is visible, and the scene ends in a confirmed crash event.]"
ebLIcIWAlp4,"[0s: euroncap footage shows controlled crash test view view in crash_and_safety_test, during daytime, under clear weather.] [2s: Traffic remains orderly as the subject vehicle moves smoothly while nearby actors behave predictably.] [4s: The scene resolves safely with no contact, no panic braking, and no hazardous conflict.]","[0s: euroncap footage begins from controlled crash test view view in crash_and_safety_test, during daytime, under clear weather.] [2s: A hazardous interaction develops as a sudden cut-in forces a sharp brake and evasive steering correction.] [4s: The participants recover at the last moment, producing a near-crash without visible impact.]","[0s: euroncap footage shows normal movement from controlled crash test view view in crash_and_safety_test, during daytime, under clear weather.] [2s: The conflict escalates rapidly and a side-swipe collision develops.] [4s: Contact becomes unavoidable, the impact is visible, and the scene ends in a confirmed crash event.]"
emoDq_QbtP4,"[0s: euroncap footage shows controlled crash test view view in crash_and_safety_test, during daytime, under clear weather.] [2s: Traffic remains orderly as the subject vehicle moves smoothly while nearby actors behave predictably.] [4s: The scene resolves safely with no contact, no panic braking, and no hazardous conflict.]","[0s: euroncap footage begins from controlled crash test view view in crash_and_safety_test, during daytime, under clear weather.] [2s: A hazardous interaction develops as traffic compresses rapidly and the gap closes to a dangerous margin before recovery.] [4s: The participants recover at the last moment, producing a near-crash without visible impact.]","[0s: euroncap footage shows normal movement from controlled crash test view view in crash_and_safety_test, during daytime, under clear weather.] [2s: The conflict escalates rapidly and a frontal impact develops.] [4s: Contact becomes unavoidable, the impact is visible, and the scene ends in a confirmed crash event.]"
fiBQhVDOfH4,"[0s: euroncap footage shows controlled crash test view view in crash_and_safety_test, during daytime, under clear weather.] [2s: Traffic remains orderly as the subject vehicle keeps a stable lane position and leaves generous spacing.] [4s: The scene resolves safely with no contact, no panic braking, and no hazardous conflict.]","[0s: euroncap footage begins from controlled crash test view view in crash_and_safety_test, during daytime, under clear weather.] [2s: A hazardous interaction develops as traffic compresses rapidly and the gap closes to a dangerous margin before recovery.] [4s: The participants recover at the last moment, producing a near-crash without visible impact.]","[0s: euroncap footage shows normal movement from controlled crash test view view in crash_and_safety_test, during daytime, under clear weather.] [2s: The conflict escalates rapidly and a side-impact collision develops.] [4s: Contact becomes unavoidable, the impact is visible, and the scene ends in a confirmed crash event.]"
go-P9m4D-uA,"[0s: euroncap footage shows controlled crash test view view in crash_and_safety_test, during daytime, under clear weather.] [2s: Traffic remains orderly as the subject vehicle moves smoothly while nearby actors behave predictably.] [4s: The scene resolves safely with no contact, no panic braking, and no hazardous conflict.]","[0s: euroncap footage begins from controlled crash test view view in crash_and_safety_test, during daytime, under clear weather.] [2s: A hazardous interaction develops as a vehicle or road user intrudes into the path, creating a brief but severe conflict.] [4s: The participants recover at the last moment, producing a near-crash without visible impact.]","[0s: euroncap footage shows normal movement from controlled crash test view view in crash_and_safety_test, during daytime, under clear weather.] [2s: The conflict escalates rapidly and a frontal impact develops.] [4s: Contact becomes unavoidable, the impact is visible, and the scene ends in a confirmed crash event.]"
hIO4QBKt8II,"[0s: euroncap footage shows controlled crash test view view in crash_and_safety_test, during daytime, under clear weather.] [2s: Traffic remains orderly as the subject vehicle moves smoothly while nearby actors behave predictably.] [4s: The scene resolves safely with no contact, no panic braking, and no hazardous conflict.]","[0s: euroncap footage begins from controlled crash test view view in crash_and_safety_test, during daytime, under clear weather.] [2s: A hazardous interaction develops as traffic compresses rapidly and the gap closes to a dangerous margin before recovery.] [4s: The participants recover at the last moment, producing a near-crash without visible impact.]","[0s: euroncap footage shows normal movement from controlled crash test view view in crash_and_safety_test, during daytime, under clear weather.] [2s: The conflict escalates rapidly and a side-swipe collision develops.] [4s: Contact becomes unavoidable, the impact is visible, and the scene ends in a confirmed crash event.]"
hfUIJo2Ps8w,"[0s: euroncap footage shows controlled crash test view view in crash_and_safety_test, during daytime, under clear weather.] [2s: Traffic remains orderly as the subject vehicle maintains a calm pace and anticipates surrounding traffic.] [4s: The scene resolves safely with no contact, no panic braking, and no hazardous conflict.]","[0s: euroncap footage begins from controlled crash test view view in crash_and_safety_test, during daytime, under clear weather.] [2s: A hazardous interaction develops as traffic compresses rapidly and the gap closes to a dangerous margin before recovery.] [4s: The participants recover at the last moment, producing a near-crash without visible impact.]","[0s: euroncap footage shows normal movement from controlled crash test view view in crash_and_safety_test, during daytime, under clear weather.] [2s: The conflict escalates rapidly and a frontal impact develops.] [4s: Contact becomes unavoidable, the impact is visible, and the scene ends in a confirmed crash event.]"
hoFt-aMgs78,"[0s: euroncap footage shows controlled crash test view view in crash_and_safety_test, during daytime, under clear weather.] [2s: Traffic remains orderly as the subject vehicle keeps a stable lane position and leaves generous spacing.] [4s: The scene resolves safely with no contact, no panic braking, and no hazardous conflict.]","[0s: euroncap footage begins from controlled crash test view view in crash_and_safety_test, during daytime, under clear weather.] [2s: A hazardous interaction develops as a sudden cut-in forces a sharp brake and evasive steering correction.] [4s: The participants recover at the last moment, producing a near-crash without visible impact.]","[0s: euroncap footage shows normal movement from controlled crash test view view in crash_and_safety_test, during daytime, under clear weather.] [2s: The conflict escalates rapidly and a side-impact collision develops.] [4s: Contact becomes unavoidable, the impact is visible, and the scene ends in a confirmed crash event.]"
iWfFMe65zlw,"[0s: euroncap footage shows controlled crash test view view in crash_and_safety_test, during daytime, under clear weather.] [2s: Traffic remains orderly as the subject vehicle keeps a stable lane position and leaves generous spacing.] [4s: The scene resolves safely with no contact, no panic braking, and no hazardous conflict.]","[0s: euroncap footage begins from controlled crash test view view in crash_and_safety_test, during daytime, under clear weather.] [2s: A hazardous interaction develops as a vehicle or road user intrudes into the path, creating a brief but severe conflict.] [4s: The participants recover at the last moment, producing a near-crash without visible impact.]","[0s: euroncap footage shows normal movement from controlled crash test view view in crash_and_safety_test, during daytime, under clear weather.] [2s: The conflict escalates rapidly and a rear-end collision develops.] [4s: Contact becomes unavoidable, the impact is visible, and the scene ends in a confirmed crash event.]"
ikKioDP6wzA,"[0s: euroncap footage shows controlled crash test view view in crash_and_safety_test, during daytime, under clear weather.] [2s: Traffic remains orderly as the subject vehicle moves smoothly while nearby actors behave predictably.] [4s: The scene resolves safely with no contact, no panic braking, and no hazardous conflict.]","[0s: euroncap footage begins from controlled crash test view view in crash_and_safety_test, during daytime, under clear weather.] [2s: A hazardous interaction develops as traffic compresses rapidly and the gap closes to a dangerous margin before recovery.] [4s: The participants recover at the last moment, producing a near-crash without visible impact.]","[0s: euroncap footage shows normal movement from controlled crash test view view in crash_and_safety_test, during daytime, under clear weather.] [2s: The conflict escalates rapidly and a side-impact collision develops.] [4s: Contact becomes unavoidable, the impact is visible, and the scene ends in a confirmed crash event.]"
jGONSdAL1C8,"[0s: euroncap footage shows controlled crash test view view in crash_and_safety_test, during daytime, under clear weather.] [2s: Traffic remains orderly as the subject vehicle moves smoothly while nearby actors behave predictably.] [4s: The scene resolves safely with no contact, no panic braking, and no hazardous conflict.]","[0s: euroncap footage begins from controlled crash test view view in crash_and_safety_test, during daytime, under clear weather.] [2s: A hazardous interaction develops as a sudden cut-in forces a sharp brake and evasive steering correction.] [4s: The participants recover at the last moment, producing a near-crash without visible impact.]","[0s: euroncap footage shows normal movement from controlled crash test view view in crash_and_safety_test, during daytime, under clear weather.] [2s: The conflict escalates rapidly and a rear-end collision develops.] [4s: Contact becomes unavoidable, the impact is visible, and the scene ends in a confirmed crash event.]"
jo9llxyBC8Y,"[0s: euroncap footage shows controlled crash test view view in crash_and_safety_test, during daytime, under clear weather.] [2s: Traffic remains orderly as the subject vehicle keeps a stable lane position and leaves generous spacing.] [4s: The scene resolves safely with no contact, no panic braking, and no hazardous conflict.]","[0s: euroncap footage begins from controlled crash test view view in crash_and_safety_test, during daytime, under clear weather.] [2s: A hazardous interaction develops as traffic compresses rapidly and the gap closes to a dangerous margin before recovery.] [4s: The participants recover at the last moment, producing a near-crash without visible impact.]","[0s: euroncap footage shows normal movement from controlled crash test view view in crash_and_safety_test, during daytime, under clear weather.] [2s: The conflict escalates rapidly and a rear-end collision develops.] [4s: Contact becomes unavoidable, the impact is visible, and the scene ends in a confirmed crash event.]"
mMImGwGp_LY,"[0s: euroncap footage shows controlled crash test view view in crash_and_safety_test, during daytime, under clear weather.] [2s: Traffic remains orderly as the subject vehicle keeps a stable lane position and leaves generous spacing.] [4s: The scene resolves safely with no contact, no panic braking, and no hazardous conflict.]","[0s: euroncap footage begins from controlled crash test view view in crash_and_safety_test, during daytime, under clear weather.] [2s: A hazardous interaction develops as a sudden cut-in forces a sharp brake and evasive steering correction.] [4s: The participants recover at the last moment, producing a near-crash without visible impact.]","[0s: euroncap footage shows normal movement from controlled crash test view view in crash_and_safety_test, during daytime, under clear weather.] [2s: The conflict escalates rapidly and a rear-end collision develops.] [4s: Contact becomes unavoidable, the impact is visible, and the scene ends in a confirmed crash event.]"
og-jlzUoF1o,"[0s: euroncap footage shows controlled crash test view view in crash_and_safety_test, during daytime, under clear weather.] [2s: Traffic remains orderly as the subject vehicle maintains a calm pace and anticipates surrounding traffic.] [4s: The scene resolves safely with no contact, no panic braking, and no hazardous conflict.]","[0s: euroncap footage begins from controlled crash test view view in crash_and_safety_test, during daytime, under clear weather.] [2s: A hazardous interaction develops as a sudden cut-in forces a sharp brake and evasive steering correction.] [4s: The participants recover at the last moment, producing a near-crash without visible impact.]","[0s: euroncap footage shows normal movement from controlled crash test view view in crash_and_safety_test, during daytime, under clear weather.] [2s: The conflict escalates rapidly and a multi-vehicle crash develops.] [4s: Contact becomes unavoidable, the impact is visible, and the scene ends in a confirmed crash event.]"
pBKQFTudm2c,"[0s: euroncap footage shows controlled crash test view view in crash_and_safety_test, during daytime, under clear weather.] [2s: Traffic remains orderly as the subject vehicle keeps a stable lane position and leaves generous spacing.] [4s: The scene resolves safely with no contact, no panic braking, and no hazardous conflict.]","[0s: euroncap footage begins from controlled crash test view view in crash_and_safety_test, during daytime, under clear weather.] [2s: A hazardous interaction develops as a vehicle or road user intrudes into the path, creating a brief but severe conflict.] [4s: The participants recover at the last moment, producing a near-crash without visible impact.]","[0s: euroncap footage shows normal movement from controlled crash test view view in crash_and_safety_test, during daytime, under clear weather.] [2s: The conflict escalates rapidly and a frontal impact develops.] [4s: Contact becomes unavoidable, the impact is visible, and the scene ends in a confirmed crash event.]"
q_SZnKHY0_Q,"[0s: euroncap footage shows controlled crash test view view in crash_and_safety_test, during daytime, under clear weather.] [2s: Traffic remains orderly as the subject vehicle keeps a stable lane position and leaves generous spacing.] [4s: The scene resolves safely with no contact, no panic braking, and no hazardous conflict.]","[0s: euroncap footage begins from controlled crash test view view in crash_and_safety_test, during daytime, under clear weather.] [2s: A hazardous interaction develops as traffic compresses rapidly and the gap closes to a dangerous margin before recovery.] [4s: The participants recover at the last moment, producing a near-crash without visible impact.]","[0s: euroncap footage shows normal movement from controlled crash test view view in crash_and_safety_test, during daytime, under clear weather.] [2s: The conflict escalates rapidly and a side-impact collision develops.] [4s: Contact becomes unavoidable, the impact is visible, and the scene ends in a confirmed crash event.]"
rLsp7tNdbMo,"[0s: euroncap footage shows controlled crash test view view in crash_and_safety_test, during daytime, under clear weather.] [2s: Traffic remains orderly as the subject vehicle moves smoothly while nearby actors behave predictably.] [4s: The scene resolves safely with no contact, no panic braking, and no hazardous conflict.]","[0s: euroncap footage begins from controlled crash test view view in crash_and_safety_test, during daytime, under clear weather.] [2s: A hazardous interaction develops as traffic compresses rapidly and the gap closes to a dangerous margin before recovery.] [4s: The participants recover at the last moment, producing a near-crash without visible impact.]","[0s: euroncap footage shows normal movement from controlled crash test view view in crash_and_safety_test, during daytime, under clear weather.] [2s: The conflict escalates rapidly and a multi-vehicle crash develops.] [4s: Contact becomes unavoidable, the impact is visible, and the scene ends in a confirmed crash event.]"
rOa-QWl5X3A,"[0s: euroncap footage shows controlled crash test view view in crash_and_safety_test, during daytime, under clear weather.] [2s: Traffic remains orderly as the subject vehicle maintains a calm pace and anticipates surrounding traffic.] [4s: The scene resolves safely with no contact, no panic braking, and no hazardous conflict.]","[0s: euroncap footage begins from controlled crash test view view in crash_and_safety_test, during daytime, under clear weather.] [2s: A hazardous interaction develops as a sudden cut-in forces a sharp brake and evasive steering correction.] [4s: The participants recover at the last moment, producing a near-crash without visible impact.]","[0s: euroncap footage shows normal movement from controlled crash test view view in crash_and_safety_test, during daytime, under clear weather.] [2s: The conflict escalates rapidly and a frontal impact develops.] [4s: Contact becomes unavoidable, the impact is visible, and the scene ends in a confirmed crash event.]"
rrdXqKLatlk,"[0s: euroncap footage shows controlled crash test view view in crash_and_safety_test, during daytime, under clear weather.] [2s: Traffic remains orderly as the subject vehicle maintains a calm pace and anticipates surrounding traffic.] [4s: The scene resolves safely with no contact, no panic braking, and no hazardous conflict.]","[0s: euroncap footage begins from controlled crash test view view in crash_and_safety_test, during daytime, under clear weather.] [2s: A hazardous interaction develops as a sudden cut-in forces a sharp brake and evasive steering correction.] [4s: The participants recover at the last moment, producing a near-crash without visible impact.]","[0s: euroncap footage shows normal movement from controlled crash test view view in crash_and_safety_test, during daytime, under clear weather.] [2s: The conflict escalates rapidly and a rear-end collision develops.] [4s: Contact becomes unavoidable, the impact is visible, and the scene ends in a confirmed crash event.]"
s9tah2bF5PE,"[0s: euroncap footage shows controlled crash test view view in crash_and_safety_test, during daytime, under clear weather.] [2s: Traffic remains orderly as the subject vehicle keeps a stable lane position and leaves generous spacing.] [4s: The scene resolves safely with no contact, no panic braking, and no hazardous conflict.]","[0s: euroncap footage begins from controlled crash test view view in crash_and_safety_test, during daytime, under clear weather.] [2s: A hazardous interaction develops as traffic compresses rapidly and the gap closes to a dangerous margin before recovery.] [4s: The participants recover at the last moment, producing a near-crash without visible impact.]","[0s: euroncap footage shows normal movement from controlled crash test view view in crash_and_safety_test, during daytime, under clear weather.] [2s: The conflict escalates rapidly and a frontal impact develops.] [4s: Contact becomes unavoidable, the impact is visible, and the scene ends in a confirmed crash event.]"
slzBXSekyns,"[0s: euroncap footage shows controlled crash test view view in crash_and_safety_test, during daytime, under clear weather.] [2s: Traffic remains orderly as the subject vehicle maintains a calm pace and anticipates surrounding traffic.] [4s: The scene resolves safely with no contact, no panic braking, and no hazardous conflict.]","[0s: euroncap footage begins from controlled crash test view view in crash_and_safety_test, during daytime, under clear weather.] [2s: A hazardous interaction develops as a vehicle or road user intrudes into the path, creating a brief but severe conflict.] [4s: The participants recover at the last moment, producing a near-crash without visible impact.]","[0s: euroncap footage shows normal movement from controlled crash test view view in crash_and_safety_test, during daytime, under clear weather.] [2s: The conflict escalates rapidly and a frontal impact develops.] [4s: Contact becomes unavoidable, the impact is visible, and the scene ends in a confirmed crash event.]"
tMzggr2BDes,"[0s: euroncap footage shows controlled crash test view view in crash_and_safety_test, during daytime, under clear weather.] [2s: Traffic remains orderly as the subject vehicle maintains a calm pace and anticipates surrounding traffic.] [4s: The scene resolves safely with no contact, no panic braking, and no hazardous conflict.]","[0s: euroncap footage begins from controlled crash test view view in crash_and_safety_test, during daytime, under clear weather.] [2s: A hazardous interaction develops as traffic compresses rapidly and the gap closes to a dangerous margin before recovery.] [4s: The participants recover at the last moment, producing a near-crash without visible impact.]","[0s: euroncap footage shows normal movement from controlled crash test view view in crash_and_safety_test, during daytime, under clear weather.] [2s: The conflict escalates rapidly and a rear-end collision develops.] [4s: Contact becomes unavoidable, the impact is visible, and the scene ends in a confirmed crash event.]"
v3HZHgZfU6M,"[0s: euroncap footage shows controlled crash test view view in crash_and_safety_test, during daytime, under clear weather.] [2s: Traffic remains orderly as the subject vehicle moves smoothly while nearby actors behave predictably.] [4s: The scene resolves safely with no contact, no panic braking, and no hazardous conflict.]","[0s: euroncap footage begins from controlled crash test view view in crash_and_safety_test, during daytime, under clear weather.] [2s: A hazardous interaction develops as traffic compresses rapidly and the gap closes to a dangerous margin before recovery.] [4s: The participants recover at the last moment, producing a near-crash without visible impact.]","[0s: euroncap footage shows normal movement from controlled crash test view view in crash_and_safety_test, during daytime, under clear weather.] [2s: The conflict escalates rapidly and a rear-end collision develops.] [4s: Contact becomes unavoidable, the impact is visible, and the scene ends in a confirmed crash event.]"
vdiOGrLcdxk,"[0s: euroncap footage shows controlled crash test view view in crash_and_safety_test, during daytime, under clear weather.] [2s: Traffic remains orderly as the subject vehicle keeps a stable lane position and leaves generous spacing.] [4s: The scene resolves safely with no contact, no panic braking, and no hazardous conflict.]","[0s: euroncap footage begins from controlled crash test view view in crash_and_safety_test, during daytime, under clear weather.] [2s: A hazardous interaction develops as a vehicle or road user intrudes into the path, creating a brief but severe conflict.] [4s: The participants recover at the last moment, producing a near-crash without visible impact.]","[0s: euroncap footage shows normal movement from controlled crash test view view in crash_and_safety_test, during daytime, under clear weather.] [2s: The conflict escalates rapidly and a side-swipe collision develops.] [4s: Contact becomes unavoidable, the impact is visible, and the scene ends in a confirmed crash event.]"
w6ZUtZ3yYeA,"[0s: euroncap footage shows controlled crash test view view in crash_and_safety_test, during daytime, under clear weather.] [2s: Traffic remains orderly as the subject vehicle keeps a stable lane position and leaves generous spacing.] [4s: The scene resolves safely with no contact, no panic braking, and no hazardous conflict.]","[0s: euroncap footage begins from controlled crash test view view in crash_and_safety_test, during daytime, under clear weather.] [2s: A hazardous interaction develops as a sudden cut-in forces a sharp brake and evasive steering correction.] [4s: The participants recover at the last moment, producing a near-crash without visible impact.]","[0s: euroncap footage shows normal movement from controlled crash test view view in crash_and_safety_test, during daytime, under clear weather.] [2s: The conflict escalates rapidly and a side-impact collision develops.] [4s: Contact becomes unavoidable, the impact is visible, and the scene ends in a confirmed crash event.]"
wYatrdvueag,"[0s: euroncap footage shows controlled crash test view view in crash_and_safety_test, during daytime, under clear weather.] [2s: Traffic remains orderly as the subject vehicle keeps a stable lane position and leaves generous spacing.] [4s: The scene resolves safely with no contact, no panic braking, and no hazardous conflict.]","[0s: euroncap footage begins from controlled crash test view view in crash_and_safety_test, during daytime, under clear weather.] [2s: A hazardous interaction develops as traffic compresses rapidly and the gap closes to a dangerous margin before recovery.] [4s: The participants recover at the last moment, producing a near-crash without visible impact.]","[0s: euroncap footage shows normal movement from controlled crash test view view in crash_and_safety_test, during daytime, under clear weather.] [2s: The conflict escalates rapidly and a frontal impact develops.] [4s: Contact becomes unavoidable, the impact is visible, and the scene ends in a confirmed crash event.]"
x5OXjHK6oGo,"[0s: euroncap footage shows controlled crash test view view in crash_and_safety_test, during daytime, under clear weather.] [2s: Traffic remains orderly as the subject vehicle keeps a stable lane position and leaves generous spacing.] [4s: The scene resolves safely with no contact, no panic braking, and no hazardous conflict.]","[0s: euroncap footage begins from controlled crash test view view in crash_and_safety_test, during daytime, under clear weather.] [2s: A hazardous interaction develops as a vehicle or road user intrudes into the path, creating a brief but severe conflict.] [4s: The participants recover at the last moment, producing a near-crash without visible impact.]","[0s: euroncap footage shows normal movement from controlled crash test view view in crash_and_safety_test, during daytime, under clear weather.] [2s: The conflict escalates rapidly and a side-impact collision develops.] [4s: Contact becomes unavoidable, the impact is visible, and the scene ends in a confirmed crash event.]"
xpi9PkocPcg,"[0s: euroncap footage shows controlled crash test view view in crash_and_safety_test, during daytime, under clear weather.] [2s: Traffic remains orderly as the subject vehicle maintains a calm pace and anticipates surrounding traffic.] [4s: The scene resolves safely with no contact, no panic braking, and no hazardous conflict.]","[0s: euroncap footage begins from controlled crash test view view in crash_and_safety_test, during daytime, under clear weather.] [2s: A hazardous interaction develops as a vehicle or road user intrudes into the path, creating a brief but severe conflict.] [4s: The participants recover at the last moment, producing a near-crash without visible impact.]","[0s: euroncap footage shows normal movement from controlled crash test view view in crash_and_safety_test, during daytime, under clear weather.] [2s: The conflict escalates rapidly and a side-impact collision develops.] [4s: Contact becomes unavoidable, the impact is visible, and the scene ends in a confirmed crash event.]"
xuXJVzOMu0I,"[0s: euroncap footage shows controlled crash test view view in crash_and_safety_test, during daytime, under clear weather.] [2s: Traffic remains orderly as the subject vehicle keeps a stable lane position and leaves generous spacing.] [4s: The scene resolves safely with no contact, no panic braking, and no hazardous conflict.]","[0s: euroncap footage begins from controlled crash test view view in crash_and_safety_test, during daytime, under clear weather.] [2s: A hazardous interaction develops as a vehicle or road user intrudes into the path, creating a brief but severe conflict.] [4s: The participants recover at the last moment, producing a near-crash without visible impact.]","[0s: euroncap footage shows normal movement from controlled crash test view view in crash_and_safety_test, during daytime, under clear weather.] [2s: The conflict escalates rapidly and a multi-vehicle crash develops.] [4s: Contact becomes unavoidable, the impact is visible, and the scene ends in a confirmed crash event.]"
yFJehiyUSvE,"[0s: euroncap footage shows controlled crash test view view in crash_and_safety_test, during daytime, under clear weather.] [2s: Traffic remains orderly as the subject vehicle keeps a stable lane position and leaves generous spacing.] [4s: The scene resolves safely with no contact, no panic braking, and no hazardous conflict.]","[0s: euroncap footage begins from controlled crash test view view in crash_and_safety_test, during daytime, under clear weather.] [2s: A hazardous interaction develops as a sudden cut-in forces a sharp brake and evasive steering correction.] [4s: The participants recover at the last moment, producing a near-crash without visible impact.]","[0s: euroncap footage shows normal movement from controlled crash test view view in crash_and_safety_test, during daytime, under clear weather.] [2s: The conflict escalates rapidly and a multi-vehicle crash develops.] [4s: Contact becomes unavoidable, the impact is visible, and the scene ends in a confirmed crash event.]"
ybWER4hJjhE,"[0s: euroncap footage shows controlled crash test view view in crash_and_safety_test, during daytime, under clear weather.] [2s: Traffic remains orderly as the subject vehicle keeps a stable lane position and leaves generous spacing.] [4s: The scene resolves safely with no contact, no panic braking, and no hazardous conflict.]","[0s: euroncap footage begins from controlled crash test view view in crash_and_safety_test, during daytime, under clear weather.] [2s: A hazardous interaction develops as a sudden cut-in forces a sharp brake and evasive steering correction.] [4s: The participants recover at the last moment, producing a near-crash without visible impact.]","[0s: euroncap footage shows normal movement from controlled crash test view view in crash_and_safety_test, during daytime, under clear weather.] [2s: The conflict escalates rapidly and a side-impact collision develops.] [4s: Contact becomes unavoidable, the impact is visible, and the scene ends in a confirmed crash event.]"
zPRaKdQimPc,"[0s: euroncap footage shows controlled crash test view view in crash_and_safety_test, during daytime, under clear weather.] [2s: Traffic remains orderly as the subject vehicle keeps a stable lane position and leaves generous spacing.] [4s: The scene resolves safely with no contact, no panic braking, and no hazardous conflict.]","[0s: euroncap footage begins from controlled crash test view view in crash_and_safety_test, during daytime, under clear weather.] [2s: A hazardous interaction develops as a vehicle or road user intrudes into the path, creating a brief but severe conflict.] [4s: The participants recover at the last moment, producing a near-crash without visible impact.]","[0s: euroncap footage shows normal movement from controlled crash test view view in crash_and_safety_test, during daytime, under clear weather.] [2s: The conflict escalates rapidly and a frontal impact develops.] [4s: Contact becomes unavoidable, the impact is visible, and the scene ends in a confirmed crash event.]"
z_k_OKuH7sI,"[0s: euroncap footage shows controlled crash test view view in crash_and_safety_test, during daytime, under clear weather.] [2s: Traffic remains orderly as the subject vehicle maintains a calm pace and anticipates surrounding traffic.] [4s: The scene resolves safely with no contact, no panic braking, and no hazardous conflict.]","[0s: euroncap footage begins from controlled crash test view view in crash_and_safety_test, during daytime, under clear weather.] [2s: A hazardous interaction develops as a sudden cut-in forces a sharp brake and evasive steering correction.] [4s: The participants recover at the last moment, producing a near-crash without visible impact.]","[0s: euroncap footage shows normal movement from controlled crash test view view in crash_and_safety_test, during daytime, under clear weather.] [2s: The conflict escalates rapidly and a frontal impact develops.] [4s: Contact becomes unavoidable, the impact is visible, and the scene ends in a confirmed crash event.]"
zhN2VL-Nq_Y,"[0s: euroncap footage shows controlled crash test view view in crash_and_safety_test, during daytime, under clear weather.] [2s: Traffic remains orderly as the subject vehicle keeps a stable lane position and leaves generous spacing.] [4s: The scene resolves safely with no contact, no panic braking, and no hazardous conflict.]","[0s: euroncap footage begins from controlled crash test view view in crash_and_safety_test, during daytime, under clear weather.] [2s: A hazardous interaction develops as a sudden cut-in forces a sharp brake and evasive steering correction.] [4s: The participants recover at the last moment, producing a near-crash without visible impact.]","[0s: euroncap footage shows normal movement from controlled crash test view view in crash_and_safety_test, during daytime, under clear weather.] [2s: The conflict escalates rapidly and a frontal impact develops.] [4s: Contact becomes unavoidable, the impact is visible, and the scene ends in a confirmed crash event.]"
