video_id,safe_description,near_crash_description,crash_description
000017,[0s: Dashcam shows vehicle driving on a busy intersection during daytime under snowy conditions with reduced visibility. Traffic flows smoothly.] [2s: The vehicle maintains safe following distance. Other vehicles move predictably.] [4s: Journey continues without incident. All traffic signals obeyed and road remains clear.],[0s: A vehicle suddenly swerves into the lane on a two-lane highway during daytime under snowy conditions with reduced visibility.] [2s: The ego vehicle brakes hard and veers to avoid collision. The other vehicle corrects course just in time.] [4s: Both vehicles stabilize. A close call but no actual contact. Traffic resumes normally.],[0s: Dashcam records driving on a suburban avenue during daytime under snowy conditions with reduced visibility. Traffic appears normal.] [2s: A vehicle suddenly appears. The ego vehicle is involved in a side-swipe collision near frame 47.] [4s: The collision occurs with visible impact. Debris scatters across the road.]
000021,[0s: Dashcam shows vehicle driving on a multi-lane road during daytime under snowy conditions with reduced visibility. Traffic flows smoothly.] [2s: The vehicle maintains safe following distance. Other vehicles move predictably.] [4s: Journey continues without incident. All traffic signals obeyed and road remains clear.],[0s: A vehicle suddenly swerves into the lane on a residential street during daytime under snowy conditions with reduced visibility.] [2s: A nearby vehicle brakes hard and veers to avoid collision. The other vehicle corrects course just in time.] [4s: Both vehicles stabilize. A close call but no actual contact. Traffic resumes normally.],[0s: Dashcam records driving on a busy intersection during daytime under snowy conditions with reduced visibility. Traffic appears normal.] [2s: A vehicle suddenly appears. The ego vehicle witnesses a multi-vehicle pileup near frame 31.] [4s: The collision occurs with visible impact. Debris scatters across the road.]
000022,[0s: Dashcam shows vehicle driving on a busy intersection during daytime under clear weather. Traffic flows smoothly.] [2s: The vehicle maintains safe following distance. Other vehicles move predictably.] [4s: Journey continues without incident. All traffic signals obeyed and road remains clear.],[0s: A vehicle suddenly swerves into the lane on a downtown street during daytime under clear weather.] [2s: The ego vehicle brakes hard and veers to avoid collision. The other vehicle corrects course just in time.] [4s: Both vehicles stabilize. A close call but no actual contact. Traffic resumes normally.],[0s: Dashcam records driving on a two-lane highway during daytime under clear weather. Traffic appears normal.] [2s: A vehicle suddenly appears. The ego vehicle is involved in a rear-end collision near frame 44.] [4s: The collision occurs with visible impact. Debris scatters across the road.]
000042,[0s: Dashcam shows vehicle driving on a busy intersection during daytime under snowy conditions with reduced visibility. Traffic flows smoothly.] [2s: The vehicle maintains safe following distance. Other vehicles move predictably.] [4s: Journey continues without incident. All traffic signals obeyed and road remains clear.],[0s: A vehicle suddenly swerves into the lane on a multi-lane road during daytime under snowy conditions with reduced visibility.] [2s: The ego vehicle brakes hard and veers to avoid collision. The other vehicle corrects course just in time.] [4s: Both vehicles stabilize. A close call but no actual contact. Traffic resumes normally.],[0s: Dashcam records driving on a multi-lane road during daytime under snowy conditions with reduced visibility. Traffic appears normal.] [2s: A vehicle suddenly appears. The ego vehicle is involved in a multi-vehicle pileup near frame 35.] [4s: The collision occurs with visible impact. Debris scatters across the road.]
000046,[0s: Dashcam shows vehicle driving on a two-lane highway during nighttime under snowy conditions with reduced visibility. Traffic flows smoothly.] [2s: The vehicle maintains safe following distance. Other vehicles move predictably.] [4s: Journey continues without incident. All traffic signals obeyed and road remains clear.],[0s: A vehicle suddenly swerves into the lane on a multi-lane road during nighttime under snowy conditions with reduced visibility.] [2s: The ego vehicle brakes hard and veers to avoid collision. The other vehicle corrects course just in time.] [4s: Both vehicles stabilize. A close call but no actual contact. Traffic resumes normally.],[0s: Dashcam records driving on a downtown street during nighttime under snowy conditions with reduced visibility. Traffic appears normal.] [2s: A vehicle suddenly appears. The ego vehicle is involved in a side-swipe collision near frame 38.] [4s: The collision occurs with visible impact. Debris scatters across the road.]
000047,[0s: Dashcam shows vehicle driving on a rural road during daytime under clear weather. Traffic flows smoothly.] [2s: The vehicle maintains safe following distance. Other vehicles move predictably.] [4s: Journey continues without incident. All traffic signals obeyed and road remains clear.],[0s: A vehicle suddenly swerves into the lane on a suburban avenue during daytime under clear weather.] [2s: The ego vehicle brakes hard and veers to avoid collision. The other vehicle corrects course just in time.] [4s: Both vehicles stabilize. A close call but no actual contact. Traffic resumes normally.],[0s: Dashcam records driving on a two-lane highway during daytime under clear weather. Traffic appears normal.] [2s: A vehicle suddenly appears. The ego vehicle is involved in a side-swipe collision near frame 46.] [4s: The collision occurs with visible impact. Debris scatters across the road.]
000048,[0s: Dashcam shows vehicle driving on a downtown street during daytime under snowy conditions with reduced visibility. Traffic flows smoothly.] [2s: The vehicle maintains safe following distance. Other vehicles move predictably.] [4s: Journey continues without incident. All traffic signals obeyed and road remains clear.],[0s: A vehicle suddenly swerves into the lane on a highway on-ramp during daytime under snowy conditions with reduced visibility.] [2s: The ego vehicle brakes hard and veers to avoid collision. The other vehicle corrects course just in time.] [4s: Both vehicles stabilize. A close call but no actual contact. Traffic resumes normally.],[0s: Dashcam records driving on a suburban avenue during daytime under snowy conditions with reduced visibility. Traffic appears normal.] [2s: A vehicle suddenly appears. The ego vehicle is involved in a side-swipe collision near frame 44.] [4s: The collision occurs with visible impact. Debris scatters across the road.]
000051,[0s: Dashcam shows vehicle driving on a multi-lane road during nighttime under clear weather. Traffic flows smoothly.] [2s: The vehicle maintains safe following distance. Other vehicles move predictably.] [4s: Journey continues without incident. All traffic signals obeyed and road remains clear.],[0s: A vehicle suddenly swerves into the lane on a highway on-ramp during nighttime under clear weather.] [2s: A nearby vehicle brakes hard and veers to avoid collision. The other vehicle corrects course just in time.] [4s: Both vehicles stabilize. A close call but no actual contact. Traffic resumes normally.],[0s: Dashcam records driving on a busy intersection during nighttime under clear weather. Traffic appears normal.] [2s: A vehicle suddenly appears. The ego vehicle witnesses a rear-end collision near frame 44.] [4s: The collision occurs with visible impact. Debris scatters across the road.]
000054,[0s: Dashcam shows vehicle driving on a downtown street during daytime under snowy conditions with reduced visibility. Traffic flows smoothly.] [2s: The vehicle maintains safe following distance. Other vehicles move predictably.] [4s: Journey continues without incident. All traffic signals obeyed and road remains clear.],[0s: A vehicle suddenly swerves into the lane on a busy intersection during daytime under snowy conditions with reduced visibility.] [2s: A nearby vehicle brakes hard and veers to avoid collision. The other vehicle corrects course just in time.] [4s: Both vehicles stabilize. A close call but no actual contact. Traffic resumes normally.],[0s: Dashcam records driving on a highway on-ramp during daytime under snowy conditions with reduced visibility. Traffic appears normal.] [2s: A vehicle suddenly appears. The ego vehicle witnesses a head-on collision near frame 37.] [4s: The collision occurs with visible impact. Debris scatters across the road.]
000059,[0s: Dashcam shows vehicle driving on a suburban avenue during daytime under snowy conditions with reduced visibility. Traffic flows smoothly.] [2s: The vehicle maintains safe following distance. Other vehicles move predictably.] [4s: Journey continues without incident. All traffic signals obeyed and road remains clear.],[0s: A vehicle suddenly swerves into the lane on a two-lane highway during daytime under snowy conditions with reduced visibility.] [2s: The ego vehicle brakes hard and veers to avoid collision. The other vehicle corrects course just in time.] [4s: Both vehicles stabilize. A close call but no actual contact. Traffic resumes normally.],[0s: Dashcam records driving on a rural road during daytime under snowy conditions with reduced visibility. Traffic appears normal.] [2s: A vehicle suddenly appears. The ego vehicle is involved in a multi-vehicle pileup near frame 32.] [4s: The collision occurs with visible impact. Debris scatters across the road.]
000065,[0s: Dashcam shows vehicle driving on a busy intersection during daytime under snowy conditions with reduced visibility. Traffic flows smoothly.] [2s: The vehicle maintains safe following distance. Other vehicles move predictably.] [4s: Journey continues without incident. All traffic signals obeyed and road remains clear.],[0s: A vehicle suddenly swerves into the lane on a downtown street during daytime under snowy conditions with reduced visibility.] [2s: The ego vehicle brakes hard and veers to avoid collision. The other vehicle corrects course just in time.] [4s: Both vehicles stabilize. A close call but no actual contact. Traffic resumes normally.],[0s: Dashcam records driving on a busy intersection during daytime under snowy conditions with reduced visibility. Traffic appears normal.] [2s: A vehicle suddenly appears. The ego vehicle is involved in a multi-vehicle pileup near frame 39.] [4s: The collision occurs with visible impact. Debris scatters across the road.]
000096,[0s: Dashcam shows vehicle driving on a suburban avenue during daytime under clear weather. Traffic flows smoothly.] [2s: The vehicle maintains safe following distance. Other vehicles move predictably.] [4s: Journey continues without incident. All traffic signals obeyed and road remains clear.],[0s: A vehicle suddenly swerves into the lane on a highway on-ramp during daytime under clear weather.] [2s: The ego vehicle brakes hard and veers to avoid collision. The other vehicle corrects course just in time.] [4s: Both vehicles stabilize. A close call but no actual contact. Traffic resumes normally.],[0s: Dashcam records driving on a multi-lane road during daytime under clear weather. Traffic appears normal.] [2s: A vehicle suddenly appears. The ego vehicle is involved in a rear-end collision near frame 33.] [4s: The collision occurs with visible impact. Debris scatters across the road.]
000100,[0s: Dashcam shows vehicle driving on a two-lane highway during daytime under clear weather. Traffic flows smoothly.] [2s: The vehicle maintains safe following distance. Other vehicles move predictably.] [4s: Journey continues without incident. All traffic signals obeyed and road remains clear.],[0s: A vehicle suddenly swerves into the lane on a multi-lane road during daytime under clear weather.] [2s: A nearby vehicle brakes hard and veers to avoid collision. The other vehicle corrects course just in time.] [4s: Both vehicles stabilize. A close call but no actual contact. Traffic resumes normally.],[0s: Dashcam records driving on a suburban avenue during daytime under clear weather. Traffic appears normal.] [2s: A vehicle suddenly appears. The ego vehicle witnesses a rear-end collision near frame 33.] [4s: The collision occurs with visible impact. Debris scatters across the road.]
000108,[0s: Dashcam shows vehicle driving on a multi-lane road during daytime under clear weather. Traffic flows smoothly.] [2s: The vehicle maintains safe following distance. Other vehicles move predictably.] [4s: Journey continues without incident. All traffic signals obeyed and road remains clear.],[0s: A vehicle suddenly swerves into the lane on a busy intersection during daytime under clear weather.] [2s: The ego vehicle brakes hard and veers to avoid collision. The other vehicle corrects course just in time.] [4s: Both vehicles stabilize. A close call but no actual contact. Traffic resumes normally.],[0s: Dashcam records driving on a downtown street during daytime under clear weather. Traffic appears normal.] [2s: A vehicle suddenly appears. The ego vehicle is involved in a head-on collision near frame 36.] [4s: The collision occurs with visible impact. Debris scatters across the road.]
000110,[0s: Dashcam shows vehicle driving on a rural road during daytime under clear weather. Traffic flows smoothly.] [2s: The vehicle maintains safe following distance. Other vehicles move predictably.] [4s: Journey continues without incident. All traffic signals obeyed and road remains clear.],[0s: A vehicle suddenly swerves into the lane on a highway on-ramp during daytime under clear weather.] [2s: A nearby vehicle brakes hard and veers to avoid collision. The other vehicle corrects course just in time.] [4s: Both vehicles stabilize. A close call but no actual contact. Traffic resumes normally.],[0s: Dashcam records driving on a residential street during daytime under clear weather. Traffic appears normal.] [2s: A vehicle suddenly appears. The ego vehicle witnesses a head-on collision near frame 34.] [4s: The collision occurs with visible impact. Debris scatters across the road.]
000113,[0s: Dashcam shows vehicle driving on a highway on-ramp during daytime under snowy conditions with reduced visibility. Traffic flows smoothly.] [2s: The vehicle maintains safe following distance. Other vehicles move predictably.] [4s: Journey continues without incident. All traffic signals obeyed and road remains clear.],[0s: A vehicle suddenly swerves into the lane on a multi-lane road during daytime under snowy conditions with reduced visibility.] [2s: A nearby vehicle brakes hard and veers to avoid collision. The other vehicle corrects course just in time.] [4s: Both vehicles stabilize. A close call but no actual contact. Traffic resumes normally.],[0s: Dashcam records driving on a suburban avenue during daytime under snowy conditions with reduced visibility. Traffic appears normal.] [2s: A vehicle suddenly appears. The ego vehicle witnesses a rear-end collision near frame 30.] [4s: The collision occurs with visible impact. Debris scatters across the road.]
000159,[0s: Dashcam shows vehicle driving on a residential street during daytime under clear weather. Traffic flows smoothly.] [2s: The vehicle maintains safe following distance. Other vehicles move predictably.] [4s: Journey continues without incident. All traffic signals obeyed and road remains clear.],[0s: A vehicle suddenly swerves into the lane on a multi-lane road during daytime under clear weather.] [2s: A nearby vehicle brakes hard and veers to avoid collision. The other vehicle corrects course just in time.] [4s: Both vehicles stabilize. A close call but no actual contact. Traffic resumes normally.],[0s: Dashcam records driving on a residential street during daytime under clear weather. Traffic appears normal.] [2s: A vehicle suddenly appears. The ego vehicle witnesses a T-bone collision near frame 32.] [4s: The collision occurs with visible impact. Debris scatters across the road.]
000160,[0s: Dashcam shows vehicle driving on a downtown street during daytime under clear weather. Traffic flows smoothly.] [2s: The vehicle maintains safe following distance. Other vehicles move predictably.] [4s: Journey continues without incident. All traffic signals obeyed and road remains clear.],[0s: A vehicle suddenly swerves into the lane on a suburban avenue during daytime under clear weather.] [2s: The ego vehicle brakes hard and veers to avoid collision. The other vehicle corrects course just in time.] [4s: Both vehicles stabilize. A close call but no actual contact. Traffic resumes normally.],[0s: Dashcam records driving on a multi-lane road during daytime under clear weather. Traffic appears normal.] [2s: A vehicle suddenly appears. The ego vehicle is involved in a head-on collision near frame 39.] [4s: The collision occurs with visible impact. Debris scatters across the road.]
000173,[0s: Dashcam shows vehicle driving on a two-lane highway during daytime under clear weather. Traffic flows smoothly.] [2s: The vehicle maintains safe following distance. Other vehicles move predictably.] [4s: Journey continues without incident. All traffic signals obeyed and road remains clear.],[0s: A vehicle suddenly swerves into the lane on a multi-lane road during daytime under clear weather.] [2s: The ego vehicle brakes hard and veers to avoid collision. The other vehicle corrects course just in time.] [4s: Both vehicles stabilize. A close call but no actual contact. Traffic resumes normally.],[0s: Dashcam records driving on a two-lane highway during daytime under clear weather. Traffic appears normal.] [2s: A vehicle suddenly appears. The ego vehicle is involved in a head-on collision near frame 30.] [4s: The collision occurs with visible impact. Debris scatters across the road.]
000176,[0s: Dashcam shows vehicle driving on a downtown street during daytime under clear weather. Traffic flows smoothly.] [2s: The vehicle maintains safe following distance. Other vehicles move predictably.] [4s: Journey continues without incident. All traffic signals obeyed and road remains clear.],[0s: A vehicle suddenly swerves into the lane on a suburban avenue during daytime under clear weather.] [2s: The ego vehicle brakes hard and veers to avoid collision. The other vehicle corrects course just in time.] [4s: Both vehicles stabilize. A close call but no actual contact. Traffic resumes normally.],[0s: Dashcam records driving on a busy intersection during daytime under clear weather. Traffic appears normal.] [2s: A vehicle suddenly appears. The ego vehicle is involved in a side-swipe collision near frame 30.] [4s: The collision occurs with visible impact. Debris scatters across the road.]
000177,[0s: Dashcam shows vehicle driving on a highway on-ramp during daytime under clear weather. Traffic flows smoothly.] [2s: The vehicle maintains safe following distance. Other vehicles move predictably.] [4s: Journey continues without incident. All traffic signals obeyed and road remains clear.],[0s: A vehicle suddenly swerves into the lane on a multi-lane road during daytime under clear weather.] [2s: The ego vehicle brakes hard and veers to avoid collision. The other vehicle corrects course just in time.] [4s: Both vehicles stabilize. A close call but no actual contact. Traffic resumes normally.],[0s: Dashcam records driving on a rural road during daytime under clear weather. Traffic appears normal.] [2s: A vehicle suddenly appears. The ego vehicle is involved in a T-bone collision near frame 30.] [4s: The collision occurs with visible impact. Debris scatters across the road.]
000182,[0s: Dashcam shows vehicle driving on a rural road during daytime under clear weather. Traffic flows smoothly.] [2s: The vehicle maintains safe following distance. Other vehicles move predictably.] [4s: Journey continues without incident. All traffic signals obeyed and road remains clear.],[0s: A vehicle suddenly swerves into the lane on a residential street during daytime under clear weather.] [2s: A nearby vehicle brakes hard and veers to avoid collision. The other vehicle corrects course just in time.] [4s: Both vehicles stabilize. A close call but no actual contact. Traffic resumes normally.],[0s: Dashcam records driving on a suburban avenue during daytime under clear weather. Traffic appears normal.] [2s: A vehicle suddenly appears. The ego vehicle witnesses a side-swipe collision near frame 30.] [4s: The collision occurs with visible impact. Debris scatters across the road.]
000191,[0s: Dashcam shows vehicle driving on a multi-lane road during daytime under clear weather. Traffic flows smoothly.] [2s: The vehicle maintains safe following distance. Other vehicles move predictably.] [4s: Journey continues without incident. All traffic signals obeyed and road remains clear.],[0s: A vehicle suddenly swerves into the lane on a suburban avenue during daytime under clear weather.] [2s: A nearby vehicle brakes hard and veers to avoid collision. The other vehicle corrects course just in time.] [4s: Both vehicles stabilize. A close call but no actual contact. Traffic resumes normally.],[0s: Dashcam records driving on a downtown street during daytime under clear weather. Traffic appears normal.] [2s: A vehicle suddenly appears. The ego vehicle witnesses a multi-vehicle pileup near frame 30.] [4s: The collision occurs with visible impact. Debris scatters across the road.]
000192,[0s: Dashcam shows vehicle driving on a downtown street during daytime under clear weather. Traffic flows smoothly.] [2s: The vehicle maintains safe following distance. Other vehicles move predictably.] [4s: Journey continues without incident. All traffic signals obeyed and road remains clear.],[0s: A vehicle suddenly swerves into the lane on a highway on-ramp during daytime under clear weather.] [2s: The ego vehicle brakes hard and veers to avoid collision. The other vehicle corrects course just in time.] [4s: Both vehicles stabilize. A close call but no actual contact. Traffic resumes normally.],[0s: Dashcam records driving on a multi-lane road during daytime under clear weather. Traffic appears normal.] [2s: A vehicle suddenly appears. The ego vehicle is involved in a side-swipe collision near frame 30.] [4s: The collision occurs with visible impact. Debris scatters across the road.]
000202,[0s: Dashcam shows vehicle driving on a rural road during daytime under clear weather. Traffic flows smoothly.] [2s: The vehicle maintains safe following distance. Other vehicles move predictably.] [4s: Journey continues without incident. All traffic signals obeyed and road remains clear.],[0s: A vehicle suddenly swerves into the lane on a busy intersection during daytime under clear weather.] [2s: A nearby vehicle brakes hard and veers to avoid collision. The other vehicle corrects course just in time.] [4s: Both vehicles stabilize. A close call but no actual contact. Traffic resumes normally.],[0s: Dashcam records driving on a two-lane highway during daytime under clear weather. Traffic appears normal.] [2s: A vehicle suddenly appears. The ego vehicle witnesses a rear-end collision near frame 30.] [4s: The collision occurs with visible impact. Debris scatters across the road.]
000205,[0s: Dashcam shows vehicle driving on a residential street during daytime under clear weather. Traffic flows smoothly.] [2s: The vehicle maintains safe following distance. Other vehicles move predictably.] [4s: Journey continues without incident. All traffic signals obeyed and road remains clear.],[0s: A vehicle suddenly swerves into the lane on a residential street during daytime under clear weather.] [2s: The ego vehicle brakes hard and veers to avoid collision. The other vehicle corrects course just in time.] [4s: Both vehicles stabilize. A close call but no actual contact. Traffic resumes normally.],[0s: Dashcam records driving on a downtown street during daytime under clear weather. Traffic appears normal.] [2s: A vehicle suddenly appears. The ego vehicle is involved in a multi-vehicle pileup near frame 30.] [4s: The collision occurs with visible impact. Debris scatters across the road.]
000215,[0s: Dashcam shows vehicle driving on a busy intersection during daytime under clear weather. Traffic flows smoothly.] [2s: The vehicle maintains safe following distance. Other vehicles move predictably.] [4s: Journey continues without incident. All traffic signals obeyed and road remains clear.],[0s: A vehicle suddenly swerves into the lane on a downtown street during daytime under clear weather.] [2s: A nearby vehicle brakes hard and veers to avoid collision. The other vehicle corrects course just in time.] [4s: Both vehicles stabilize. A close call but no actual contact. Traffic resumes normally.],[0s: Dashcam records driving on a downtown street during daytime under clear weather. Traffic appears normal.] [2s: A vehicle suddenly appears. The ego vehicle witnesses a multi-vehicle pileup near frame 30.] [4s: The collision occurs with visible impact. Debris scatters across the road.]
000229,[0s: Dashcam shows vehicle driving on a rural road during nighttime under clear weather. Traffic flows smoothly.] [2s: The vehicle maintains safe following distance. Other vehicles move predictably.] [4s: Journey continues without incident. All traffic signals obeyed and road remains clear.],[0s: A vehicle suddenly swerves into the lane on a suburban avenue during nighttime under clear weather.] [2s: The ego vehicle brakes hard and veers to avoid collision. The other vehicle corrects course just in time.] [4s: Both vehicles stabilize. A close call but no actual contact. Traffic resumes normally.],[0s: Dashcam records driving on a two-lane highway during nighttime under clear weather. Traffic appears normal.] [2s: A vehicle suddenly appears. The ego vehicle is involved in a rear-end collision near frame 39.] [4s: The collision occurs with visible impact. Debris scatters across the road.]
000247,[0s: Dashcam shows vehicle driving on a suburban avenue during daytime under snowy conditions with reduced visibility. Traffic flows smoothly.] [2s: The vehicle maintains safe following distance. Other vehicles move predictably.] [4s: Journey continues without incident. All traffic signals obeyed and road remains clear.],[0s: A vehicle suddenly swerves into the lane on a highway on-ramp during daytime under snowy conditions with reduced visibility.] [2s: A nearby vehicle brakes hard and veers to avoid collision. The other vehicle corrects course just in time.] [4s: Both vehicles stabilize. A close call but no actual contact. Traffic resumes normally.],[0s: Dashcam records driving on a busy intersection during daytime under snowy conditions with reduced visibility. Traffic appears normal.] [2s: A vehicle suddenly appears. The ego vehicle witnesses a head-on collision near frame 47.] [4s: The collision occurs with visible impact. Debris scatters across the road.]
000254,[0s: Dashcam shows vehicle driving on a downtown street during daytime under clear weather. Traffic flows smoothly.] [2s: The vehicle maintains safe following distance. Other vehicles move predictably.] [4s: Journey continues without incident. All traffic signals obeyed and road remains clear.],[0s: A vehicle suddenly swerves into the lane on a residential street during daytime under clear weather.] [2s: The ego vehicle brakes hard and veers to avoid collision. The other vehicle corrects course just in time.] [4s: Both vehicles stabilize. A close call but no actual contact. Traffic resumes normally.],[0s: Dashcam records driving on a rural road during daytime under clear weather. Traffic appears normal.] [2s: A vehicle suddenly appears. The ego vehicle is involved in a rear-end collision near frame 30.] [4s: The collision occurs with visible impact. Debris scatters across the road.]
000255,[0s: Dashcam shows vehicle driving on a suburban avenue during daytime under snowy conditions with reduced visibility. Traffic flows smoothly.] [2s: The vehicle maintains safe following distance. Other vehicles move predictably.] [4s: Journey continues without incident. All traffic signals obeyed and road remains clear.],[0s: A vehicle suddenly swerves into the lane on a residential street during daytime under snowy conditions with reduced visibility.] [2s: The ego vehicle brakes hard and veers to avoid collision. The other vehicle corrects course just in time.] [4s: Both vehicles stabilize. A close call but no actual contact. Traffic resumes normally.],[0s: Dashcam records driving on a busy intersection during daytime under snowy conditions with reduced visibility. Traffic appears normal.] [2s: A vehicle suddenly appears. The ego vehicle is involved in a head-on collision near frame 35.] [4s: The collision occurs with visible impact. Debris scatters across the road.]
000257,[0s: Dashcam shows vehicle driving on a multi-lane road during daytime under clear weather. Traffic flows smoothly.] [2s: The vehicle maintains safe following distance. Other vehicles move predictably.] [4s: Journey continues without incident. All traffic signals obeyed and road remains clear.],[0s: A vehicle suddenly swerves into the lane on a residential street during daytime under clear weather.] [2s: A nearby vehicle brakes hard and veers to avoid collision. The other vehicle corrects course just in time.] [4s: Both vehicles stabilize. A close call but no actual contact. Traffic resumes normally.],[0s: Dashcam records driving on a highway on-ramp during daytime under clear weather. Traffic appears normal.] [2s: A vehicle suddenly appears. The ego vehicle witnesses a side-swipe collision near frame 49.] [4s: The collision occurs with visible impact. Debris scatters across the road.]
000275,[0s: Dashcam shows vehicle driving on a two-lane highway during daytime under clear weather. Traffic flows smoothly.] [2s: The vehicle maintains safe following distance. Other vehicles move predictably.] [4s: Journey continues without incident. All traffic signals obeyed and road remains clear.],[0s: A vehicle suddenly swerves into the lane on a highway on-ramp during daytime under clear weather.] [2s: The ego vehicle brakes hard and veers to avoid collision. The other vehicle corrects course just in time.] [4s: Both vehicles stabilize. A close call but no actual contact. Traffic resumes normally.],[0s: Dashcam records driving on a rural road during daytime under clear weather. Traffic appears normal.] [2s: A vehicle suddenly appears. The ego vehicle is involved in a rear-end collision near frame 45.] [4s: The collision occurs with visible impact. Debris scatters across the road.]
000288,[0s: Dashcam shows vehicle driving on a busy intersection during daytime under clear weather. Traffic flows smoothly.] [2s: The vehicle maintains safe following distance. Other vehicles move predictably.] [4s: Journey continues without incident. All traffic signals obeyed and road remains clear.],[0s: A vehicle suddenly swerves into the lane on a highway on-ramp during daytime under clear weather.] [2s: A nearby vehicle brakes hard and veers to avoid collision. The other vehicle corrects course just in time.] [4s: Both vehicles stabilize. A close call but no actual contact. Traffic resumes normally.],[0s: Dashcam records driving on a suburban avenue during daytime under clear weather. Traffic appears normal.] [2s: A vehicle suddenly appears. The ego vehicle witnesses a side-swipe collision near frame 30.] [4s: The collision occurs with visible impact. Debris scatters across the road.]
000289,[0s: Dashcam shows vehicle driving on a two-lane highway during nighttime under clear weather. Traffic flows smoothly.] [2s: The vehicle maintains safe following distance. Other vehicles move predictably.] [4s: Journey continues without incident. All traffic signals obeyed and road remains clear.],[0s: A vehicle suddenly swerves into the lane on a multi-lane road during nighttime under clear weather.] [2s: The ego vehicle brakes hard and veers to avoid collision. The other vehicle corrects course just in time.] [4s: Both vehicles stabilize. A close call but no actual contact. Traffic resumes normally.],[0s: Dashcam records driving on a busy intersection during nighttime under clear weather. Traffic appears normal.] [2s: A vehicle suddenly appears. The ego vehicle is involved in a rear-end collision near frame 41.] [4s: The collision occurs with visible impact. Debris scatters across the road.]
000304,[0s: Dashcam shows vehicle driving on a rural road during daytime under rainy weather with wet roads. Traffic flows smoothly.] [2s: The vehicle maintains safe following distance. Other vehicles move predictably.] [4s: Journey continues without incident. All traffic signals obeyed and road remains clear.],[0s: A vehicle suddenly swerves into the lane on a busy intersection during daytime under rainy weather with wet roads.] [2s: A nearby vehicle brakes hard and veers to avoid collision. The other vehicle corrects course just in time.] [4s: Both vehicles stabilize. A close call but no actual contact. Traffic resumes normally.],[0s: Dashcam records driving on a residential street during daytime under rainy weather with wet roads. Traffic appears normal.] [2s: A vehicle suddenly appears. The ego vehicle witnesses a side-swipe collision near frame 42.] [4s: The collision occurs with visible impact. Debris scatters across the road.]
000307,[0s: Dashcam shows vehicle driving on a rural road during daytime under snowy conditions with reduced visibility. Traffic flows smoothly.] [2s: The vehicle maintains safe following distance. Other vehicles move predictably.] [4s: Journey continues without incident. All traffic signals obeyed and road remains clear.],[0s: A vehicle suddenly swerves into the lane on a residential street during daytime under snowy conditions with reduced visibility.] [2s: The ego vehicle brakes hard and veers to avoid collision. The other vehicle corrects course just in time.] [4s: Both vehicles stabilize. A close call but no actual contact. Traffic resumes normally.],[0s: Dashcam records driving on a suburban avenue during daytime under snowy conditions with reduced visibility. Traffic appears normal.] [2s: A vehicle suddenly appears. The ego vehicle is involved in a multi-vehicle pileup near frame 31.] [4s: The collision occurs with visible impact. Debris scatters across the road.]
000318,[0s: Dashcam shows vehicle driving on a downtown street during nighttime under clear weather. Traffic flows smoothly.] [2s: The vehicle maintains safe following distance. Other vehicles move predictably.] [4s: Journey continues without incident. All traffic signals obeyed and road remains clear.],[0s: A vehicle suddenly swerves into the lane on a multi-lane road during nighttime under clear weather.] [2s: The ego vehicle brakes hard and veers to avoid collision. The other vehicle corrects course just in time.] [4s: Both vehicles stabilize. A close call but no actual contact. Traffic resumes normally.],[0s: Dashcam records driving on a multi-lane road during nighttime under clear weather. Traffic appears normal.] [2s: A vehicle suddenly appears. The ego vehicle is involved in a head-on collision near frame 35.] [4s: The collision occurs with visible impact. Debris scatters across the road.]
000325,[0s: Dashcam shows vehicle driving on a downtown street during daytime under clear weather. Traffic flows smoothly.] [2s: The vehicle maintains safe following distance. Other vehicles move predictably.] [4s: Journey continues without incident. All traffic signals obeyed and road remains clear.],[0s: A vehicle suddenly swerves into the lane on a highway on-ramp during daytime under clear weather.] [2s: A nearby vehicle brakes hard and veers to avoid collision. The other vehicle corrects course just in time.] [4s: Both vehicles stabilize. A close call but no actual contact. Traffic resumes normally.],[0s: Dashcam records driving on a rural road during daytime under clear weather. Traffic appears normal.] [2s: A vehicle suddenly appears. The ego vehicle witnesses a multi-vehicle pileup near frame 42.] [4s: The collision occurs with visible impact. Debris scatters across the road.]
000329,[0s: Dashcam shows vehicle driving on a rural road during nighttime under clear weather. Traffic flows smoothly.] [2s: The vehicle maintains safe following distance. Other vehicles move predictably.] [4s: Journey continues without incident. All traffic signals obeyed and road remains clear.],[0s: A vehicle suddenly swerves into the lane on a busy intersection during nighttime under clear weather.] [2s: The ego vehicle brakes hard and veers to avoid collision. The other vehicle corrects course just in time.] [4s: Both vehicles stabilize. A close call but no actual contact. Traffic resumes normally.],[0s: Dashcam records driving on a multi-lane road during nighttime under clear weather. Traffic appears normal.] [2s: A vehicle suddenly appears. The ego vehicle is involved in a side-swipe collision near frame 40.] [4s: The collision occurs with visible impact. Debris scatters across the road.]
000368,[0s: Dashcam shows vehicle driving on a busy intersection during daytime under clear weather. Traffic flows smoothly.] [2s: The vehicle maintains safe following distance. Other vehicles move predictably.] [4s: Journey continues without incident. All traffic signals obeyed and road remains clear.],[0s: A vehicle suddenly swerves into the lane on a highway on-ramp during daytime under clear weather.] [2s: A nearby vehicle brakes hard and veers to avoid collision. The other vehicle corrects course just in time.] [4s: Both vehicles stabilize. A close call but no actual contact. Traffic resumes normally.],[0s: Dashcam records driving on a two-lane highway during daytime under clear weather. Traffic appears normal.] [2s: A vehicle suddenly appears. The ego vehicle witnesses a multi-vehicle pileup near frame 33.] [4s: The collision occurs with visible impact. Debris scatters across the road.]
000373,[0s: Dashcam shows vehicle driving on a multi-lane road during daytime under clear weather. Traffic flows smoothly.] [2s: The vehicle maintains safe following distance. Other vehicles move predictably.] [4s: Journey continues without incident. All traffic signals obeyed and road remains clear.],[0s: A vehicle suddenly swerves into the lane on a multi-lane road during daytime under clear weather.] [2s: A nearby vehicle brakes hard and veers to avoid collision. The other vehicle corrects course just in time.] [4s: Both vehicles stabilize. A close call but no actual contact. Traffic resumes normally.],[0s: Dashcam records driving on a two-lane highway during daytime under clear weather. Traffic appears normal.] [2s: A vehicle suddenly appears. The ego vehicle witnesses a rear-end collision near frame 34.] [4s: The collision occurs with visible impact. Debris scatters across the road.]
000377,[0s: Dashcam shows vehicle driving on a two-lane highway during daytime under clear weather. Traffic flows smoothly.] [2s: The vehicle maintains safe following distance. Other vehicles move predictably.] [4s: Journey continues without incident. All traffic signals obeyed and road remains clear.],[0s: A vehicle suddenly swerves into the lane on a multi-lane road during daytime under clear weather.] [2s: The ego vehicle brakes hard and veers to avoid collision. The other vehicle corrects course just in time.] [4s: Both vehicles stabilize. A close call but no actual contact. Traffic resumes normally.],[0s: Dashcam records driving on a busy intersection during daytime under clear weather. Traffic appears normal.] [2s: A vehicle suddenly appears. The ego vehicle is involved in a rear-end collision near frame 44.] [4s: The collision occurs with visible impact. Debris scatters across the road.]
000383,[0s: Dashcam shows vehicle driving on a highway on-ramp during nighttime under clear weather. Traffic flows smoothly.] [2s: The vehicle maintains safe following distance. Other vehicles move predictably.] [4s: Journey continues without incident. All traffic signals obeyed and road remains clear.],[0s: A vehicle suddenly swerves into the lane on a busy intersection during nighttime under clear weather.] [2s: A nearby vehicle brakes hard and veers to avoid collision. The other vehicle corrects course just in time.] [4s: Both vehicles stabilize. A close call but no actual contact. Traffic resumes normally.],[0s: Dashcam records driving on a multi-lane road during nighttime under clear weather. Traffic appears normal.] [2s: A vehicle suddenly appears. The ego vehicle witnesses a head-on collision near frame 32.] [4s: The collision occurs with visible impact. Debris scatters across the road.]
000467,[0s: Dashcam shows vehicle driving on a rural road during daytime under clear weather. Traffic flows smoothly.] [2s: The vehicle maintains safe following distance. Other vehicles move predictably.] [4s: Journey continues without incident. All traffic signals obeyed and road remains clear.],[0s: A vehicle suddenly swerves into the lane on a multi-lane road during daytime under clear weather.] [2s: A nearby vehicle brakes hard and veers to avoid collision. The other vehicle corrects course just in time.] [4s: Both vehicles stabilize. A close call but no actual contact. Traffic resumes normally.],[0s: Dashcam records driving on a residential street during daytime under clear weather. Traffic appears normal.] [2s: A vehicle suddenly appears. The ego vehicle witnesses a multi-vehicle pileup near frame 47.] [4s: The collision occurs with visible impact. Debris scatters across the road.]
000470,[0s: Dashcam shows vehicle driving on a rural road during daytime under snowy conditions with reduced visibility. Traffic flows smoothly.] [2s: The vehicle maintains safe following distance. Other vehicles move predictably.] [4s: Journey continues without incident. All traffic signals obeyed and road remains clear.],[0s: A vehicle suddenly swerves into the lane on a multi-lane road during daytime under snowy conditions with reduced visibility.] [2s: The ego vehicle brakes hard and veers to avoid collision. The other vehicle corrects course just in time.] [4s: Both vehicles stabilize. A close call but no actual contact. Traffic resumes normally.],[0s: Dashcam records driving on a rural road during daytime under snowy conditions with reduced visibility. Traffic appears normal.] [2s: A vehicle suddenly appears. The ego vehicle is involved in a T-bone collision near frame 37.] [4s: The collision occurs with visible impact. Debris scatters across the road.]
000477,[0s: Dashcam shows vehicle driving on a multi-lane road during daytime under rainy weather with wet roads. Traffic flows smoothly.] [2s: The vehicle maintains safe following distance. Other vehicles move predictably.] [4s: Journey continues without incident. All traffic signals obeyed and road remains clear.],[0s: A vehicle suddenly swerves into the lane on a busy intersection during daytime under rainy weather with wet roads.] [2s: A nearby vehicle brakes hard and veers to avoid collision. The other vehicle corrects course just in time.] [4s: Both vehicles stabilize. A close call but no actual contact. Traffic resumes normally.],[0s: Dashcam records driving on a busy intersection during daytime under rainy weather with wet roads. Traffic appears normal.] [2s: A vehicle suddenly appears. The ego vehicle witnesses a T-bone collision near frame 38.] [4s: The collision occurs with visible impact. Debris scatters across the road.]
000492,[0s: Dashcam shows vehicle driving on a highway on-ramp during nighttime under rainy weather with wet roads. Traffic flows smoothly.] [2s: The vehicle maintains safe following distance. Other vehicles move predictably.] [4s: Journey continues without incident. All traffic signals obeyed and road remains clear.],[0s: A vehicle suddenly swerves into the lane on a downtown street during nighttime under rainy weather with wet roads.] [2s: A nearby vehicle brakes hard and veers to avoid collision. The other vehicle corrects course just in time.] [4s: Both vehicles stabilize. A close call but no actual contact. Traffic resumes normally.],[0s: Dashcam records driving on a downtown street during nighttime under rainy weather with wet roads. Traffic appears normal.] [2s: A vehicle suddenly appears. The ego vehicle witnesses a T-bone collision near frame 45.] [4s: The collision occurs with visible impact. Debris scatters across the road.]
000500,[0s: Dashcam shows vehicle driving on a two-lane highway during daytime under snowy conditions with reduced visibility. Traffic flows smoothly.] [2s: The vehicle maintains safe following distance. Other vehicles move predictably.] [4s: Journey continues without incident. All traffic signals obeyed and road remains clear.],[0s: A vehicle suddenly swerves into the lane on a busy intersection during daytime under snowy conditions with reduced visibility.] [2s: A nearby vehicle brakes hard and veers to avoid collision. The other vehicle corrects course just in time.] [4s: Both vehicles stabilize. A close call but no actual contact. Traffic resumes normally.],[0s: Dashcam records driving on a two-lane highway during daytime under snowy conditions with reduced visibility. Traffic appears normal.] [2s: A vehicle suddenly appears. The ego vehicle witnesses a T-bone collision near frame 38.] [4s: The collision occurs with visible impact. Debris scatters across the road.]
000501,[0s: Dashcam shows vehicle driving on a highway on-ramp during daytime under clear weather. Traffic flows smoothly.] [2s: The vehicle maintains safe following distance. Other vehicles move predictably.] [4s: Journey continues without incident. All traffic signals obeyed and road remains clear.],[0s: A vehicle suddenly swerves into the lane on a busy intersection during daytime under clear weather.] [2s: A nearby vehicle brakes hard and veers to avoid collision. The other vehicle corrects course just in time.] [4s: Both vehicles stabilize. A close call but no actual contact. Traffic resumes normally.],[0s: Dashcam records driving on a multi-lane road during daytime under clear weather. Traffic appears normal.] [2s: A vehicle suddenly appears. The ego vehicle witnesses a side-swipe collision near frame 34.] [4s: The collision occurs with visible impact. Debris scatters across the road.]
000505,[0s: Dashcam shows vehicle driving on a multi-lane road during nighttime under clear weather. Traffic flows smoothly.] [2s: The vehicle maintains safe following distance. Other vehicles move predictably.] [4s: Journey continues without incident. All traffic signals obeyed and road remains clear.],[0s: A vehicle suddenly swerves into the lane on a rural road during nighttime under clear weather.] [2s: A nearby vehicle brakes hard and veers to avoid collision. The other vehicle corrects course just in time.] [4s: Both vehicles stabilize. A close call but no actual contact. Traffic resumes normally.],[0s: Dashcam records driving on a residential street during nighttime under clear weather. Traffic appears normal.] [2s: A vehicle suddenly appears. The ego vehicle witnesses a T-bone collision near frame 45.] [4s: The collision occurs with visible impact. Debris scatters across the road.]
000509,[0s: Dashcam shows vehicle driving on a residential street during nighttime under snowy conditions with reduced visibility. Traffic flows smoothly.] [2s: The vehicle maintains safe following distance. Other vehicles move predictably.] [4s: Journey continues without incident. All traffic signals obeyed and road remains clear.],[0s: A vehicle suddenly swerves into the lane on a suburban avenue during nighttime under snowy conditions with reduced visibility.] [2s: The ego vehicle brakes hard and veers to avoid collision. The other vehicle corrects course just in time.] [4s: Both vehicles stabilize. A close call but no actual contact. Traffic resumes normally.],[0s: Dashcam records driving on a rural road during nighttime under snowy conditions with reduced visibility. Traffic appears normal.] [2s: A vehicle suddenly appears. The ego vehicle is involved in a side-swipe collision near frame 48.] [4s: The collision occurs with visible impact. Debris scatters across the road.]
000525,[0s: Dashcam shows vehicle driving on a busy intersection during daytime under clear weather. Traffic flows smoothly.] [2s: The vehicle maintains safe following distance. Other vehicles move predictably.] [4s: Journey continues without incident. All traffic signals obeyed and road remains clear.],[0s: A vehicle suddenly swerves into the lane on a rural road during daytime under clear weather.] [2s: The ego vehicle brakes hard and veers to avoid collision. The other vehicle corrects course just in time.] [4s: Both vehicles stabilize. A close call but no actual contact. Traffic resumes normally.],[0s: Dashcam records driving on a busy intersection during daytime under clear weather. Traffic appears normal.] [2s: A vehicle suddenly appears. The ego vehicle is involved in a rear-end collision near frame 32.] [4s: The collision occurs with visible impact. Debris scatters across the road.]
000539,[0s: Dashcam shows vehicle driving on a two-lane highway during daytime under clear weather. Traffic flows smoothly.] [2s: The vehicle maintains safe following distance. Other vehicles move predictably.] [4s: Journey continues without incident. All traffic signals obeyed and road remains clear.],[0s: A vehicle suddenly swerves into the lane on a busy intersection during daytime under clear weather.] [2s: A nearby vehicle brakes hard and veers to avoid collision. The other vehicle corrects course just in time.] [4s: Both vehicles stabilize. A close call but no actual contact. Traffic resumes normally.],[0s: Dashcam records driving on a multi-lane road during daytime under clear weather. Traffic appears normal.] [2s: A vehicle suddenly appears. The ego vehicle witnesses a side-swipe collision near frame 35.] [4s: The collision occurs with visible impact. Debris scatters across the road.]
000587,[0s: Dashcam shows vehicle driving on a downtown street during daytime under clear weather. Traffic flows smoothly.] [2s: The vehicle maintains safe following distance. Other vehicles move predictably.] [4s: Journey continues without incident. All traffic signals obeyed and road remains clear.],[0s: A vehicle suddenly swerves into the lane on a rural road during daytime under clear weather.] [2s: A nearby vehicle brakes hard and veers to avoid collision. The other vehicle corrects course just in time.] [4s: Both vehicles stabilize. A close call but no actual contact. Traffic resumes normally.],[0s: Dashcam records driving on a rural road during daytime under clear weather. Traffic appears normal.] [2s: A vehicle suddenly appears. The ego vehicle witnesses a side-swipe collision near frame 39.] [4s: The collision occurs with visible impact. Debris scatters across the road.]
000592,[0s: Dashcam shows vehicle driving on a downtown street during nighttime under clear weather. Traffic flows smoothly.] [2s: The vehicle maintains safe following distance. Other vehicles move predictably.] [4s: Journey continues without incident. All traffic signals obeyed and road remains clear.],[0s: A vehicle suddenly swerves into the lane on a two-lane highway during nighttime under clear weather.] [2s: A nearby vehicle brakes hard and veers to avoid collision. The other vehicle corrects course just in time.] [4s: Both vehicles stabilize. A close call but no actual contact. Traffic resumes normally.],[0s: Dashcam records driving on a residential street during nighttime under clear weather. Traffic appears normal.] [2s: A vehicle suddenly appears. The ego vehicle witnesses a T-bone collision near frame 43.] [4s: The collision occurs with visible impact. Debris scatters across the road.]
000601,[0s: Dashcam shows vehicle driving on a two-lane highway during daytime under clear weather. Traffic flows smoothly.] [2s: The vehicle maintains safe following distance. Other vehicles move predictably.] [4s: Journey continues without incident. All traffic signals obeyed and road remains clear.],[0s: A vehicle suddenly swerves into the lane on a downtown street during daytime under clear weather.] [2s: A nearby vehicle brakes hard and veers to avoid collision. The other vehicle corrects course just in time.] [4s: Both vehicles stabilize. A close call but no actual contact. Traffic resumes normally.],[0s: Dashcam records driving on a suburban avenue during daytime under clear weather. Traffic appears normal.] [2s: A vehicle suddenly appears. The ego vehicle witnesses a T-bone collision near frame 35.] [4s: The collision occurs with visible impact. Debris scatters across the road.]
000602,[0s: Dashcam shows vehicle driving on a suburban avenue during daytime under clear weather. Traffic flows smoothly.] [2s: The vehicle maintains safe following distance. Other vehicles move predictably.] [4s: Journey continues without incident. All traffic signals obeyed and road remains clear.],[0s: A vehicle suddenly swerves into the lane on a downtown street during daytime under clear weather.] [2s: The ego vehicle brakes hard and veers to avoid collision. The other vehicle corrects course just in time.] [4s: Both vehicles stabilize. A close call but no actual contact. Traffic resumes normally.],[0s: Dashcam records driving on a rural road during daytime under clear weather. Traffic appears normal.] [2s: A vehicle suddenly appears. The ego vehicle is involved in a side-swipe collision near frame 42.] [4s: The collision occurs with visible impact. Debris scatters across the road.]
000613,[0s: Dashcam shows vehicle driving on a multi-lane road during daytime under clear weather. Traffic flows smoothly.] [2s: The vehicle maintains safe following distance. Other vehicles move predictably.] [4s: Journey continues without incident. All traffic signals obeyed and road remains clear.],[0s: A vehicle suddenly swerves into the lane on a suburban avenue during daytime under clear weather.] [2s: A nearby vehicle brakes hard and veers to avoid collision. The other vehicle corrects course just in time.] [4s: Both vehicles stabilize. A close call but no actual contact. Traffic resumes normally.],[0s: Dashcam records driving on a multi-lane road during daytime under clear weather. Traffic appears normal.] [2s: A vehicle suddenly appears. The ego vehicle witnesses a rear-end collision near frame 41.] [4s: The collision occurs with visible impact. Debris scatters across the road.]
000620,[0s: Dashcam shows vehicle driving on a two-lane highway during daytime under clear weather. Traffic flows smoothly.] [2s: The vehicle maintains safe following distance. Other vehicles move predictably.] [4s: Journey continues without incident. All traffic signals obeyed and road remains clear.],[0s: A vehicle suddenly swerves into the lane on a highway on-ramp during daytime under clear weather.] [2s: The ego vehicle brakes hard and veers to avoid collision. The other vehicle corrects course just in time.] [4s: Both vehicles stabilize. A close call but no actual contact. Traffic resumes normally.],[0s: Dashcam records driving on a two-lane highway during daytime under clear weather. Traffic appears normal.] [2s: A vehicle suddenly appears. The ego vehicle is involved in a rear-end collision near frame 49.] [4s: The collision occurs with visible impact. Debris scatters across the road.]
000622,[0s: Dashcam shows vehicle driving on a rural road during daytime under clear weather. Traffic flows smoothly.] [2s: The vehicle maintains safe following distance. Other vehicles move predictably.] [4s: Journey continues without incident. All traffic signals obeyed and road remains clear.],[0s: A vehicle suddenly swerves into the lane on a residential street during daytime under clear weather.] [2s: A nearby vehicle brakes hard and veers to avoid collision. The other vehicle corrects course just in time.] [4s: Both vehicles stabilize. A close call but no actual contact. Traffic resumes normally.],[0s: Dashcam records driving on a two-lane highway during daytime under clear weather. Traffic appears normal.] [2s: A vehicle suddenly appears. The ego vehicle witnesses a multi-vehicle pileup near frame 46.] [4s: The collision occurs with visible impact. Debris scatters across the road.]
000630,[0s: Dashcam shows vehicle driving on a busy intersection during daytime under clear weather. Traffic flows smoothly.] [2s: The vehicle maintains safe following distance. Other vehicles move predictably.] [4s: Journey continues without incident. All traffic signals obeyed and road remains clear.],[0s: A vehicle suddenly swerves into the lane on a residential street during daytime under clear weather.] [2s: The ego vehicle brakes hard and veers to avoid collision. The other vehicle corrects course just in time.] [4s: Both vehicles stabilize. A close call but no actual contact. Traffic resumes normally.],[0s: Dashcam records driving on a busy intersection during daytime under clear weather. Traffic appears normal.] [2s: A vehicle suddenly appears. The ego vehicle is involved in a multi-vehicle pileup near frame 34.] [4s: The collision occurs with visible impact. Debris scatters across the road.]
000631,[0s: Dashcam shows vehicle driving on a busy intersection during daytime under clear weather. Traffic flows smoothly.] [2s: The vehicle maintains safe following distance. Other vehicles move predictably.] [4s: Journey continues without incident. All traffic signals obeyed and road remains clear.],[0s: A vehicle suddenly swerves into the lane on a multi-lane road during daytime under clear weather.] [2s: A nearby vehicle brakes hard and veers to avoid collision. The other vehicle corrects course just in time.] [4s: Both vehicles stabilize. A close call but no actual contact. Traffic resumes normally.],[0s: Dashcam records driving on a downtown street during daytime under clear weather. Traffic appears normal.] [2s: A vehicle suddenly appears. The ego vehicle witnesses a rear-end collision near frame 32.] [4s: The collision occurs with visible impact. Debris scatters across the road.]
000639,[0s: Dashcam shows vehicle driving on a multi-lane road during daytime under clear weather. Traffic flows smoothly.] [2s: The vehicle maintains safe following distance. Other vehicles move predictably.] [4s: Journey continues without incident. All traffic signals obeyed and road remains clear.],[0s: A vehicle suddenly swerves into the lane on a two-lane highway during daytime under clear weather.] [2s: The ego vehicle brakes hard and veers to avoid collision. The other vehicle corrects course just in time.] [4s: Both vehicles stabilize. A close call but no actual contact. Traffic resumes normally.],[0s: Dashcam records driving on a busy intersection during daytime under clear weather. Traffic appears normal.] [2s: A vehicle suddenly appears. The ego vehicle is involved in a T-bone collision near frame 32.] [4s: The collision occurs with visible impact. Debris scatters across the road.]
000643,[0s: Dashcam shows vehicle driving on a highway on-ramp during daytime under snowy conditions with reduced visibility. Traffic flows smoothly.] [2s: The vehicle maintains safe following distance. Other vehicles move predictably.] [4s: Journey continues without incident. All traffic signals obeyed and road remains clear.],[0s: A vehicle suddenly swerves into the lane on a suburban avenue during daytime under snowy conditions with reduced visibility.] [2s: The ego vehicle brakes hard and veers to avoid collision. The other vehicle corrects course just in time.] [4s: Both vehicles stabilize. A close call but no actual contact. Traffic resumes normally.],[0s: Dashcam records driving on a multi-lane road during daytime under snowy conditions with reduced visibility. Traffic appears normal.] [2s: A vehicle suddenly appears. The ego vehicle is involved in a head-on collision near frame 41.] [4s: The collision occurs with visible impact. Debris scatters across the road.]
000677,[0s: Dashcam shows vehicle driving on a multi-lane road during daytime under clear weather. Traffic flows smoothly.] [2s: The vehicle maintains safe following distance. Other vehicles move predictably.] [4s: Journey continues without incident. All traffic signals obeyed and road remains clear.],[0s: A vehicle suddenly swerves into the lane on a suburban avenue during daytime under clear weather.] [2s: A nearby vehicle brakes hard and veers to avoid collision. The other vehicle corrects course just in time.] [4s: Both vehicles stabilize. A close call but no actual contact. Traffic resumes normally.],[0s: Dashcam records driving on a downtown street during daytime under clear weather. Traffic appears normal.] [2s: A vehicle suddenly appears. The ego vehicle witnesses a side-swipe collision near frame 38.] [4s: The collision occurs with visible impact. Debris scatters across the road.]
000678,[0s: Dashcam shows vehicle driving on a suburban avenue during daytime under clear weather. Traffic flows smoothly.] [2s: The vehicle maintains safe following distance. Other vehicles move predictably.] [4s: Journey continues without incident. All traffic signals obeyed and road remains clear.],[0s: A vehicle suddenly swerves into the lane on a rural road during daytime under clear weather.] [2s: The ego vehicle brakes hard and veers to avoid collision. The other vehicle corrects course just in time.] [4s: Both vehicles stabilize. A close call but no actual contact. Traffic resumes normally.],[0s: Dashcam records driving on a highway on-ramp during daytime under clear weather. Traffic appears normal.] [2s: A vehicle suddenly appears. The ego vehicle is involved in a rear-end collision near frame 48.] [4s: The collision occurs with visible impact. Debris scatters across the road.]
000691,[0s: Dashcam shows vehicle driving on a two-lane highway during daytime under snowy conditions with reduced visibility. Traffic flows smoothly.] [2s: The vehicle maintains safe following distance. Other vehicles move predictably.] [4s: Journey continues without incident. All traffic signals obeyed and road remains clear.],[0s: A vehicle suddenly swerves into the lane on a rural road during daytime under snowy conditions with reduced visibility.] [2s: A nearby vehicle brakes hard and veers to avoid collision. The other vehicle corrects course just in time.] [4s: Both vehicles stabilize. A close call but no actual contact. Traffic resumes normally.],[0s: Dashcam records driving on a busy intersection during daytime under snowy conditions with reduced visibility. Traffic appears normal.] [2s: A vehicle suddenly appears. The ego vehicle witnesses a rear-end collision near frame 38.] [4s: The collision occurs with visible impact. Debris scatters across the road.]
000692,[0s: Dashcam shows vehicle driving on a multi-lane road during daytime under clear weather. Traffic flows smoothly.] [2s: The vehicle maintains safe following distance. Other vehicles move predictably.] [4s: Journey continues without incident. All traffic signals obeyed and road remains clear.],[0s: A vehicle suddenly swerves into the lane on a suburban avenue during daytime under clear weather.] [2s: The ego vehicle brakes hard and veers to avoid collision. The other vehicle corrects course just in time.] [4s: Both vehicles stabilize. A close call but no actual contact. Traffic resumes normally.],[0s: Dashcam records driving on a residential street during daytime under clear weather. Traffic appears normal.] [2s: A vehicle suddenly appears. The ego vehicle is involved in a head-on collision near frame 32.] [4s: The collision occurs with visible impact. Debris scatters across the road.]
000699,[0s: Dashcam shows vehicle driving on a busy intersection during daytime under clear weather. Traffic flows smoothly.] [2s: The vehicle maintains safe following distance. Other vehicles move predictably.] [4s: Journey continues without incident. All traffic signals obeyed and road remains clear.],[0s: A vehicle suddenly swerves into the lane on a multi-lane road during daytime under clear weather.] [2s: The ego vehicle brakes hard and veers to avoid collision. The other vehicle corrects course just in time.] [4s: Both vehicles stabilize. A close call but no actual contact. Traffic resumes normally.],[0s: Dashcam records driving on a highway on-ramp during daytime under clear weather. Traffic appears normal.] [2s: A vehicle suddenly appears. The ego vehicle is involved in a head-on collision near frame 34.] [4s: The collision occurs with visible impact. Debris scatters across the road.]
000701,[0s: Dashcam shows vehicle driving on a residential street during nighttime under rainy weather with wet roads. Traffic flows smoothly.] [2s: The vehicle maintains safe following distance. Other vehicles move predictably.] [4s: Journey continues without incident. All traffic signals obeyed and road remains clear.],[0s: A vehicle suddenly swerves into the lane on a rural road during nighttime under rainy weather with wet roads.] [2s: The ego vehicle brakes hard and veers to avoid collision. The other vehicle corrects course just in time.] [4s: Both vehicles stabilize. A close call but no actual contact. Traffic resumes normally.],[0s: Dashcam records driving on a suburban avenue during nighttime under rainy weather with wet roads. Traffic appears normal.] [2s: A vehicle suddenly appears. The ego vehicle is involved in a multi-vehicle pileup near frame 30.] [4s: The collision occurs with visible impact. Debris scatters across the road.]
000702,[0s: Dashcam shows vehicle driving on a two-lane highway during daytime under clear weather. Traffic flows smoothly.] [2s: The vehicle maintains safe following distance. Other vehicles move predictably.] [4s: Journey continues without incident. All traffic signals obeyed and road remains clear.],[0s: A vehicle suddenly swerves into the lane on a suburban avenue during daytime under clear weather.] [2s: A nearby vehicle brakes hard and veers to avoid collision. The other vehicle corrects course just in time.] [4s: Both vehicles stabilize. A close call but no actual contact. Traffic resumes normally.],[0s: Dashcam records driving on a busy intersection during daytime under clear weather. Traffic appears normal.] [2s: A vehicle suddenly appears. The ego vehicle witnesses a side-swipe collision near frame 42.] [4s: The collision occurs with visible impact. Debris scatters across the road.]
000703,[0s: Dashcam shows vehicle driving on a suburban avenue during daytime under clear weather. Traffic flows smoothly.] [2s: The vehicle maintains safe following distance. Other vehicles move predictably.] [4s: Journey continues without incident. All traffic signals obeyed and road remains clear.],[0s: A vehicle suddenly swerves into the lane on a busy intersection during daytime under clear weather.] [2s: The ego vehicle brakes hard and veers to avoid collision. The other vehicle corrects course just in time.] [4s: Both vehicles stabilize. A close call but no actual contact. Traffic resumes normally.],[0s: Dashcam records driving on a busy intersection during daytime under clear weather. Traffic appears normal.] [2s: A vehicle suddenly appears. The ego vehicle is involved in a multi-vehicle pileup near frame 32.] [4s: The collision occurs with visible impact. Debris scatters across the road.]
000720,[0s: Dashcam shows vehicle driving on a residential street during daytime under clear weather. Traffic flows smoothly.] [2s: The vehicle maintains safe following distance. Other vehicles move predictably.] [4s: Journey continues without incident. All traffic signals obeyed and road remains clear.],[0s: A vehicle suddenly swerves into the lane on a suburban avenue during daytime under clear weather.] [2s: The ego vehicle brakes hard and veers to avoid collision. The other vehicle corrects course just in time.] [4s: Both vehicles stabilize. A close call but no actual contact. Traffic resumes normally.],[0s: Dashcam records driving on a suburban avenue during daytime under clear weather. Traffic appears normal.] [2s: A vehicle suddenly appears. The ego vehicle is involved in a multi-vehicle pileup near frame 39.] [4s: The collision occurs with visible impact. Debris scatters across the road.]
000740,[0s: Dashcam shows vehicle driving on a multi-lane road during daytime under rainy weather with wet roads. Traffic flows smoothly.] [2s: The vehicle maintains safe following distance. Other vehicles move predictably.] [4s: Journey continues without incident. All traffic signals obeyed and road remains clear.],[0s: A vehicle suddenly swerves into the lane on a highway on-ramp during daytime under rainy weather with wet roads.] [2s: The ego vehicle brakes hard and veers to avoid collision. The other vehicle corrects course just in time.] [4s: Both vehicles stabilize. A close call but no actual contact. Traffic resumes normally.],[0s: Dashcam records driving on a multi-lane road during daytime under rainy weather with wet roads. Traffic appears normal.] [2s: A vehicle suddenly appears. The ego vehicle is involved in a head-on collision near frame 32.] [4s: The collision occurs with visible impact. Debris scatters across the road.]
000752,[0s: Dashcam shows vehicle driving on a rural road during daytime under clear weather. Traffic flows smoothly.] [2s: The vehicle maintains safe following distance. Other vehicles move predictably.] [4s: Journey continues without incident. All traffic signals obeyed and road remains clear.],[0s: A vehicle suddenly swerves into the lane on a suburban avenue during daytime under clear weather.] [2s: A nearby vehicle brakes hard and veers to avoid collision. The other vehicle corrects course just in time.] [4s: Both vehicles stabilize. A close call but no actual contact. Traffic resumes normally.],[0s: Dashcam records driving on a two-lane highway during daytime under clear weather. Traffic appears normal.] [2s: A vehicle suddenly appears. The ego vehicle witnesses a rear-end collision near frame 32.] [4s: The collision occurs with visible impact. Debris scatters across the road.]
000753,[0s: Dashcam shows vehicle driving on a downtown street during daytime under clear weather. Traffic flows smoothly.] [2s: The vehicle maintains safe following distance. Other vehicles move predictably.] [4s: Journey continues without incident. All traffic signals obeyed and road remains clear.],[0s: A vehicle suddenly swerves into the lane on a suburban avenue during daytime under clear weather.] [2s: The ego vehicle brakes hard and veers to avoid collision. The other vehicle corrects course just in time.] [4s: Both vehicles stabilize. A close call but no actual contact. Traffic resumes normally.],[0s: Dashcam records driving on a two-lane highway during daytime under clear weather. Traffic appears normal.] [2s: A vehicle suddenly appears. The ego vehicle is involved in a rear-end collision near frame 47.] [4s: The collision occurs with visible impact. Debris scatters across the road.]
000759,[0s: Dashcam shows vehicle driving on a highway on-ramp during daytime under clear weather. Traffic flows smoothly.] [2s: The vehicle maintains safe following distance. Other vehicles move predictably.] [4s: Journey continues without incident. All traffic signals obeyed and road remains clear.],[0s: A vehicle suddenly swerves into the lane on a residential street during daytime under clear weather.] [2s: A nearby vehicle brakes hard and veers to avoid collision. The other vehicle corrects course just in time.] [4s: Both vehicles stabilize. A close call but no actual contact. Traffic resumes normally.],[0s: Dashcam records driving on a suburban avenue during daytime under clear weather. Traffic appears normal.] [2s: A vehicle suddenly appears. The ego vehicle witnesses a side-swipe collision near frame 32.] [4s: The collision occurs with visible impact. Debris scatters across the road.]
000761,[0s: Dashcam shows vehicle driving on a rural road during daytime under clear weather. Traffic flows smoothly.] [2s: The vehicle maintains safe following distance. Other vehicles move predictably.] [4s: Journey continues without incident. All traffic signals obeyed and road remains clear.],[0s: A vehicle suddenly swerves into the lane on a downtown street during daytime under clear weather.] [2s: A nearby vehicle brakes hard and veers to avoid collision. The other vehicle corrects course just in time.] [4s: Both vehicles stabilize. A close call but no actual contact. Traffic resumes normally.],[0s: Dashcam records driving on a two-lane highway during daytime under clear weather. Traffic appears normal.] [2s: A vehicle suddenly appears. The ego vehicle witnesses a rear-end collision near frame 30.] [4s: The collision occurs with visible impact. Debris scatters across the road.]
000777,[0s: Dashcam shows vehicle driving on a busy intersection during daytime under clear weather. Traffic flows smoothly.] [2s: The vehicle maintains safe following distance. Other vehicles move predictably.] [4s: Journey continues without incident. All traffic signals obeyed and road remains clear.],[0s: A vehicle suddenly swerves into the lane on a residential street during daytime under clear weather.] [2s: The ego vehicle brakes hard and veers to avoid collision. The other vehicle corrects course just in time.] [4s: Both vehicles stabilize. A close call but no actual contact. Traffic resumes normally.],[0s: Dashcam records driving on a two-lane highway during daytime under clear weather. Traffic appears normal.] [2s: A vehicle suddenly appears. The ego vehicle is involved in a head-on collision near frame 39.] [4s: The collision occurs with visible impact. Debris scatters across the road.]
000780,[0s: Dashcam shows vehicle driving on a residential street during daytime under clear weather. Traffic flows smoothly.] [2s: The vehicle maintains safe following distance. Other vehicles move predictably.] [4s: Journey continues without incident. All traffic signals obeyed and road remains clear.],[0s: A vehicle suddenly swerves into the lane on a downtown street during daytime under clear weather.] [2s: A nearby vehicle brakes hard and veers to avoid collision. The other vehicle corrects course just in time.] [4s: Both vehicles stabilize. A close call but no actual contact. Traffic resumes normally.],[0s: Dashcam records driving on a residential street during daytime under clear weather. Traffic appears normal.] [2s: A vehicle suddenly appears. The ego vehicle witnesses a rear-end collision near frame 32.] [4s: The collision occurs with visible impact. Debris scatters across the road.]
000783,[0s: Dashcam shows vehicle driving on a suburban avenue during daytime under clear weather. Traffic flows smoothly.] [2s: The vehicle maintains safe following distance. Other vehicles move predictably.] [4s: Journey continues without incident. All traffic signals obeyed and road remains clear.],[0s: A vehicle suddenly swerves into the lane on a highway on-ramp during daytime under clear weather.] [2s: A nearby vehicle brakes hard and veers to avoid collision. The other vehicle corrects course just in time.] [4s: Both vehicles stabilize. A close call but no actual contact. Traffic resumes normally.],[0s: Dashcam records driving on a two-lane highway during daytime under clear weather. Traffic appears normal.] [2s: A vehicle suddenly appears. The ego vehicle witnesses a head-on collision near frame 37.] [4s: The collision occurs with visible impact. Debris scatters across the road.]
000804,[0s: Dashcam shows vehicle driving on a multi-lane road during daytime under clear weather. Traffic flows smoothly.] [2s: The vehicle maintains safe following distance. Other vehicles move predictably.] [4s: Journey continues without incident. All traffic signals obeyed and road remains clear.],[0s: A vehicle suddenly swerves into the lane on a multi-lane road during daytime under clear weather.] [2s: A nearby vehicle brakes hard and veers to avoid collision. The other vehicle corrects course just in time.] [4s: Both vehicles stabilize. A close call but no actual contact. Traffic resumes normally.],[0s: Dashcam records driving on a busy intersection during daytime under clear weather. Traffic appears normal.] [2s: A vehicle suddenly appears. The ego vehicle witnesses a head-on collision near frame 30.] [4s: The collision occurs with visible impact. Debris scatters across the road.]
000805,[0s: Dashcam shows vehicle driving on a downtown street during daytime under clear weather. Traffic flows smoothly.] [2s: The vehicle maintains safe following distance. Other vehicles move predictably.] [4s: Journey continues without incident. All traffic signals obeyed and road remains clear.],[0s: A vehicle suddenly swerves into the lane on a residential street during daytime under clear weather.] [2s: The ego vehicle brakes hard and veers to avoid collision. The other vehicle corrects course just in time.] [4s: Both vehicles stabilize. A close call but no actual contact. Traffic resumes normally.],[0s: Dashcam records driving on a multi-lane road during daytime under clear weather. Traffic appears normal.] [2s: A vehicle suddenly appears. The ego vehicle is involved in a side-swipe collision near frame 30.] [4s: The collision occurs with visible impact. Debris scatters across the road.]
000807,[0s: Dashcam shows vehicle driving on a residential street during daytime under clear weather. Traffic flows smoothly.] [2s: The vehicle maintains safe following distance. Other vehicles move predictably.] [4s: Journey continues without incident. All traffic signals obeyed and road remains clear.],[0s: A vehicle suddenly swerves into the lane on a downtown street during daytime under clear weather.] [2s: A nearby vehicle brakes hard and veers to avoid collision. The other vehicle corrects course just in time.] [4s: Both vehicles stabilize. A close call but no actual contact. Traffic resumes normally.],[0s: Dashcam records driving on a two-lane highway during daytime under clear weather. Traffic appears normal.] [2s: A vehicle suddenly appears. The ego vehicle witnesses a side-swipe collision near frame 31.] [4s: The collision occurs with visible impact. Debris scatters across the road.]
000813,[0s: Dashcam shows vehicle driving on a highway on-ramp during daytime under clear weather. Traffic flows smoothly.] [2s: The vehicle maintains safe following distance. Other vehicles move predictably.] [4s: Journey continues without incident. All traffic signals obeyed and road remains clear.],[0s: A vehicle suddenly swerves into the lane on a downtown street during daytime under clear weather.] [2s: The ego vehicle brakes hard and veers to avoid collision. The other vehicle corrects course just in time.] [4s: Both vehicles stabilize. A close call but no actual contact. Traffic resumes normally.],[0s: Dashcam records driving on a multi-lane road during daytime under clear weather. Traffic appears normal.] [2s: A vehicle suddenly appears. The ego vehicle is involved in a head-on collision near frame 44.] [4s: The collision occurs with visible impact. Debris scatters across the road.]
000825,[0s: Dashcam shows vehicle driving on a residential street during daytime under clear weather. Traffic flows smoothly.] [2s: The vehicle maintains safe following distance. Other vehicles move predictably.] [4s: Journey continues without incident. All traffic signals obeyed and road remains clear.],[0s: A vehicle suddenly swerves into the lane on a busy intersection during daytime under clear weather.] [2s: A nearby vehicle brakes hard and veers to avoid collision. The other vehicle corrects course just in time.] [4s: Both vehicles stabilize. A close call but no actual contact. Traffic resumes normally.],[0s: Dashcam records driving on a downtown street during daytime under clear weather. Traffic appears normal.] [2s: A vehicle suddenly appears. The ego vehicle witnesses a rear-end collision near frame 44.] [4s: The collision occurs with visible impact. Debris scatters across the road.]
000828,[0s: Dashcam shows vehicle driving on a rural road during daytime under rainy weather with wet roads. Traffic flows smoothly.] [2s: The vehicle maintains safe following distance. Other vehicles move predictably.] [4s: Journey continues without incident. All traffic signals obeyed and road remains clear.],[0s: A vehicle suddenly swerves into the lane on a multi-lane road during daytime under rainy weather with wet roads.] [2s: The ego vehicle brakes hard and veers to avoid collision. The other vehicle corrects course just in time.] [4s: Both vehicles stabilize. A close call but no actual contact. Traffic resumes normally.],[0s: Dashcam records driving on a multi-lane road during daytime under rainy weather with wet roads. Traffic appears normal.] [2s: A vehicle suddenly appears. The ego vehicle is involved in a T-bone collision near frame 38.] [4s: The collision occurs with visible impact. Debris scatters across the road.]
000833,[0s: Dashcam shows vehicle driving on a highway on-ramp during daytime under clear weather. Traffic flows smoothly.] [2s: The vehicle maintains safe following distance. Other vehicles move predictably.] [4s: Journey continues without incident. All traffic signals obeyed and road remains clear.],[0s: A vehicle suddenly swerves into the lane on a suburban avenue during daytime under clear weather.] [2s: A nearby vehicle brakes hard and veers to avoid collision. The other vehicle corrects course just in time.] [4s: Both vehicles stabilize. A close call but no actual contact. Traffic resumes normally.],[0s: Dashcam records driving on a multi-lane road during daytime under clear weather. Traffic appears normal.] [2s: A vehicle suddenly appears. The ego vehicle witnesses a side-swipe collision near frame 34.] [4s: The collision occurs with visible impact. Debris scatters across the road.]
000834,[0s: Dashcam shows vehicle driving on a two-lane highway during daytime under clear weather. Traffic flows smoothly.] [2s: The vehicle maintains safe following distance. Other vehicles move predictably.] [4s: Journey continues without incident. All traffic signals obeyed and road remains clear.],[0s: A vehicle suddenly swerves into the lane on a multi-lane road during daytime under clear weather.] [2s: A nearby vehicle brakes hard and veers to avoid collision. The other vehicle corrects course just in time.] [4s: Both vehicles stabilize. A close call but no actual contact. Traffic resumes normally.],[0s: Dashcam records driving on a downtown street during daytime under clear weather. Traffic appears normal.] [2s: A vehicle suddenly appears. The ego vehicle witnesses a head-on collision near frame 30.] [4s: The collision occurs with visible impact. Debris scatters across the road.]
000842,[0s: Dashcam shows vehicle driving on a suburban avenue during daytime under clear weather. Traffic flows smoothly.] [2s: The vehicle maintains safe following distance. Other vehicles move predictably.] [4s: Journey continues without incident. All traffic signals obeyed and road remains clear.],[0s: A vehicle suddenly swerves into the lane on a busy intersection during daytime under clear weather.] [2s: A nearby vehicle brakes hard and veers to avoid collision. The other vehicle corrects course just in time.] [4s: Both vehicles stabilize. A close call but no actual contact. Traffic resumes normally.],[0s: Dashcam records driving on a suburban avenue during daytime under clear weather. Traffic appears normal.] [2s: A vehicle suddenly appears. The ego vehicle witnesses a head-on collision near frame 32.] [4s: The collision occurs with visible impact. Debris scatters across the road.]
000851,[0s: Dashcam shows vehicle driving on a downtown street during daytime under clear weather. Traffic flows smoothly.] [2s: The vehicle maintains safe following distance. Other vehicles move predictably.] [4s: Journey continues without incident. All traffic signals obeyed and road remains clear.],[0s: A vehicle suddenly swerves into the lane on a highway on-ramp during daytime under clear weather.] [2s: The ego vehicle brakes hard and veers to avoid collision. The other vehicle corrects course just in time.] [4s: Both vehicles stabilize. A close call but no actual contact. Traffic resumes normally.],[0s: Dashcam records driving on a two-lane highway during daytime under clear weather. Traffic appears normal.] [2s: A vehicle suddenly appears. The ego vehicle is involved in a rear-end collision near frame 42.] [4s: The collision occurs with visible impact. Debris scatters across the road.]
000861,[0s: Dashcam shows vehicle driving on a suburban avenue during nighttime under clear weather. Traffic flows smoothly.] [2s: The vehicle maintains safe following distance. Other vehicles move predictably.] [4s: Journey continues without incident. All traffic signals obeyed and road remains clear.],[0s: A vehicle suddenly swerves into the lane on a residential street during nighttime under clear weather.] [2s: The ego vehicle brakes hard and veers to avoid collision. The other vehicle corrects course just in time.] [4s: Both vehicles stabilize. A close call but no actual contact. Traffic resumes normally.],[0s: Dashcam records driving on a suburban avenue during nighttime under clear weather. Traffic appears normal.] [2s: A vehicle suddenly appears. The ego vehicle is involved in a rear-end collision near frame 33.] [4s: The collision occurs with visible impact. Debris scatters across the road.]
000877,[0s: Dashcam shows vehicle driving on a busy intersection during daytime under clear weather. Traffic flows smoothly.] [2s: The vehicle maintains safe following distance. Other vehicles move predictably.] [4s: Journey continues without incident. All traffic signals obeyed and road remains clear.],[0s: A vehicle suddenly swerves into the lane on a downtown street during daytime under clear weather.] [2s: A nearby vehicle brakes hard and veers to avoid collision. The other vehicle corrects course just in time.] [4s: Both vehicles stabilize. A close call but no actual contact. Traffic resumes normally.],[0s: Dashcam records driving on a highway on-ramp during daytime under clear weather. Traffic appears normal.] [2s: A vehicle suddenly appears. The ego vehicle witnesses a head-on collision near frame 34.] [4s: The collision occurs with visible impact. Debris scatters across the road.]
000896,[0s: Dashcam shows vehicle driving on a downtown street during daytime under clear weather. Traffic flows smoothly.] [2s: The vehicle maintains safe following distance. Other vehicles move predictably.] [4s: Journey continues without incident. All traffic signals obeyed and road remains clear.],[0s: A vehicle suddenly swerves into the lane on a busy intersection during daytime under clear weather.] [2s: A nearby vehicle brakes hard and veers to avoid collision. The other vehicle corrects course just in time.] [4s: Both vehicles stabilize. A close call but no actual contact. Traffic resumes normally.],[0s: Dashcam records driving on a downtown street during daytime under clear weather. Traffic appears normal.] [2s: A vehicle suddenly appears. The ego vehicle witnesses a multi-vehicle pileup near frame 30.] [4s: The collision occurs with visible impact. Debris scatters across the road.]
000923,[0s: Dashcam shows vehicle driving on a multi-lane road during daytime under clear weather. Traffic flows smoothly.] [2s: The vehicle maintains safe following distance. Other vehicles move predictably.] [4s: Journey continues without incident. All traffic signals obeyed and road remains clear.],[0s: A vehicle suddenly swerves into the lane on a suburban avenue during daytime under clear weather.] [2s: The ego vehicle brakes hard and veers to avoid collision. The other vehicle corrects course just in time.] [4s: Both vehicles stabilize. A close call but no actual contact. Traffic resumes normally.],[0s: Dashcam records driving on a two-lane highway during daytime under clear weather. Traffic appears normal.] [2s: A vehicle suddenly appears. The ego vehicle is involved in a T-bone collision near frame 30.] [4s: The collision occurs with visible impact. Debris scatters across the road.]
000933,[0s: Dashcam shows vehicle driving on a two-lane highway during daytime under clear weather. Traffic flows smoothly.] [2s: The vehicle maintains safe following distance. Other vehicles move predictably.] [4s: Journey continues without incident. All traffic signals obeyed and road remains clear.],[0s: A vehicle suddenly swerves into the lane on a multi-lane road during daytime under clear weather.] [2s: A nearby vehicle brakes hard and veers to avoid collision. The other vehicle corrects course just in time.] [4s: Both vehicles stabilize. A close call but no actual contact. Traffic resumes normally.],[0s: Dashcam records driving on a highway on-ramp during daytime under clear weather. Traffic appears normal.] [2s: A vehicle suddenly appears. The ego vehicle witnesses a T-bone collision near frame 30.] [4s: The collision occurs with visible impact. Debris scatters across the road.]
000947,[0s: Dashcam shows vehicle driving on a busy intersection during daytime under rainy weather with wet roads. Traffic flows smoothly.] [2s: The vehicle maintains safe following distance. Other vehicles move predictably.] [4s: Journey continues without incident. All traffic signals obeyed and road remains clear.],[0s: A vehicle suddenly swerves into the lane on a highway on-ramp during daytime under rainy weather with wet roads.] [2s: A nearby vehicle brakes hard and veers to avoid collision. The other vehicle corrects course just in time.] [4s: Both vehicles stabilize. A close call but no actual contact. Traffic resumes normally.],[0s: Dashcam records driving on a highway on-ramp during daytime under rainy weather with wet roads. Traffic appears normal.] [2s: A vehicle suddenly appears. The ego vehicle witnesses a rear-end collision near frame 30.] [4s: The collision occurs with visible impact. Debris scatters across the road.]
000965,[0s: Dashcam shows vehicle driving on a suburban avenue during daytime under clear weather. Traffic flows smoothly.] [2s: The vehicle maintains safe following distance. Other vehicles move predictably.] [4s: Journey continues without incident. All traffic signals obeyed and road remains clear.],[0s: A vehicle suddenly swerves into the lane on a suburban avenue during daytime under clear weather.] [2s: The ego vehicle brakes hard and veers to avoid collision. The other vehicle corrects course just in time.] [4s: Both vehicles stabilize. A close call but no actual contact. Traffic resumes normally.],[0s: Dashcam records driving on a downtown street during daytime under clear weather. Traffic appears normal.] [2s: A vehicle suddenly appears. The ego vehicle is involved in a head-on collision near frame 38.] [4s: The collision occurs with visible impact. Debris scatters across the road.]
000970,[0s: Dashcam shows vehicle driving on a downtown street during daytime under clear weather. Traffic flows smoothly.] [2s: The vehicle maintains safe following distance. Other vehicles move predictably.] [4s: Journey continues without incident. All traffic signals obeyed and road remains clear.],[0s: A vehicle suddenly swerves into the lane on a suburban avenue during daytime under clear weather.] [2s: The ego vehicle brakes hard and veers to avoid collision. The other vehicle corrects course just in time.] [4s: Both vehicles stabilize. A close call but no actual contact. Traffic resumes normally.],[0s: Dashcam records driving on a residential street during daytime under clear weather. Traffic appears normal.] [2s: A vehicle suddenly appears. The ego vehicle is involved in a side-swipe collision near frame 48.] [4s: The collision occurs with visible impact. Debris scatters across the road.]
000977,[0s: Dashcam shows vehicle driving on a downtown street during daytime under clear weather. Traffic flows smoothly.] [2s: The vehicle maintains safe following distance. Other vehicles move predictably.] [4s: Journey continues without incident. All traffic signals obeyed and road remains clear.],[0s: A vehicle suddenly swerves into the lane on a downtown street during daytime under clear weather.] [2s: The ego vehicle brakes hard and veers to avoid collision. The other vehicle corrects course just in time.] [4s: Both vehicles stabilize. A close call but no actual contact. Traffic resumes normally.],[0s: Dashcam records driving on a residential street during daytime under clear weather. Traffic appears normal.] [2s: A vehicle suddenly appears. The ego vehicle is involved in a multi-vehicle pileup near frame 43.] [4s: The collision occurs with visible impact. Debris scatters across the road.]
000983,[0s: Dashcam shows vehicle driving on a suburban avenue during daytime under rainy weather with wet roads. Traffic flows smoothly.] [2s: The vehicle maintains safe following distance. Other vehicles move predictably.] [4s: Journey continues without incident. All traffic signals obeyed and road remains clear.],[0s: A vehicle suddenly swerves into the lane on a downtown street during daytime under rainy weather with wet roads.] [2s: A nearby vehicle brakes hard and veers to avoid collision. The other vehicle corrects course just in time.] [4s: Both vehicles stabilize. A close call but no actual contact. Traffic resumes normally.],[0s: Dashcam records driving on a two-lane highway during daytime under rainy weather with wet roads. Traffic appears normal.] [2s: A vehicle suddenly appears. The ego vehicle witnesses a head-on collision near frame 47.] [4s: The collision occurs with visible impact. Debris scatters across the road.]
001019,[0s: Dashcam shows vehicle driving on a suburban avenue during daytime under clear weather. Traffic flows smoothly.] [2s: The vehicle maintains safe following distance. Other vehicles move predictably.] [4s: Journey continues without incident. All traffic signals obeyed and road remains clear.],[0s: A vehicle suddenly swerves into the lane on a multi-lane road during daytime under clear weather.] [2s: A nearby vehicle brakes hard and veers to avoid collision. The other vehicle corrects course just in time.] [4s: Both vehicles stabilize. A close call but no actual contact. Traffic resumes normally.],[0s: Dashcam records driving on a downtown street during daytime under clear weather. Traffic appears normal.] [2s: A vehicle suddenly appears. The ego vehicle witnesses a multi-vehicle pileup near frame 41.] [4s: The collision occurs with visible impact. Debris scatters across the road.]
001028,[0s: Dashcam shows vehicle driving on a highway on-ramp during nighttime under snowy conditions with reduced visibility. Traffic flows smoothly.] [2s: The vehicle maintains safe following distance. Other vehicles move predictably.] [4s: Journey continues without incident. All traffic signals obeyed and road remains clear.],[0s: A vehicle suddenly swerves into the lane on a rural road during nighttime under snowy conditions with reduced visibility.] [2s: A nearby vehicle brakes hard and veers to avoid collision. The other vehicle corrects course just in time.] [4s: Both vehicles stabilize. A close call but no actual contact. Traffic resumes normally.],[0s: Dashcam records driving on a rural road during nighttime under snowy conditions with reduced visibility. Traffic appears normal.] [2s: A vehicle suddenly appears. The ego vehicle witnesses a T-bone collision near frame 38.] [4s: The collision occurs with visible impact. Debris scatters across the road.]
001033,[0s: Dashcam shows vehicle driving on a multi-lane road during daytime under clear weather. Traffic flows smoothly.] [2s: The vehicle maintains safe following distance. Other vehicles move predictably.] [4s: Journey continues without incident. All traffic signals obeyed and road remains clear.],[0s: A vehicle suddenly swerves into the lane on a rural road during daytime under clear weather.] [2s: A nearby vehicle brakes hard and veers to avoid collision. The other vehicle corrects course just in time.] [4s: Both vehicles stabilize. A close call but no actual contact. Traffic resumes normally.],[0s: Dashcam records driving on a residential street during daytime under clear weather. Traffic appears normal.] [2s: A vehicle suddenly appears. The ego vehicle witnesses a rear-end collision near frame 42.] [4s: The collision occurs with visible impact. Debris scatters across the road.]
001052,[0s: Dashcam shows vehicle driving on a suburban avenue during nighttime under clear weather. Traffic flows smoothly.] [2s: The vehicle maintains safe following distance. Other vehicles move predictably.] [4s: Journey continues without incident. All traffic signals obeyed and road remains clear.],[0s: A vehicle suddenly swerves into the lane on a highway on-ramp during nighttime under clear weather.] [2s: A nearby vehicle brakes hard and veers to avoid collision. The other vehicle corrects course just in time.] [4s: Both vehicles stabilize. A close call but no actual contact. Traffic resumes normally.],[0s: Dashcam records driving on a busy intersection during nighttime under clear weather. Traffic appears normal.] [2s: A vehicle suddenly appears. The ego vehicle witnesses a side-swipe collision near frame 40.] [4s: The collision occurs with visible impact. Debris scatters across the road.]
001074,[0s: Dashcam shows vehicle driving on a suburban avenue during daytime under clear weather. Traffic flows smoothly.] [2s: The vehicle maintains safe following distance. Other vehicles move predictably.] [4s: Journey continues without incident. All traffic signals obeyed and road remains clear.],[0s: A vehicle suddenly swerves into the lane on a multi-lane road during daytime under clear weather.] [2s: A nearby vehicle brakes hard and veers to avoid collision. The other vehicle corrects course just in time.] [4s: Both vehicles stabilize. A close call but no actual contact. Traffic resumes normally.],[0s: Dashcam records driving on a multi-lane road during daytime under clear weather. Traffic appears normal.] [2s: A vehicle suddenly appears. The ego vehicle witnesses a side-swipe collision near frame 31.] [4s: The collision occurs with visible impact. Debris scatters across the road.]
001079,[0s: Dashcam shows vehicle driving on a two-lane highway during daytime under clear weather. Traffic flows smoothly.] [2s: The vehicle maintains safe following distance. Other vehicles move predictably.] [4s: Journey continues without incident. All traffic signals obeyed and road remains clear.],[0s: A vehicle suddenly swerves into the lane on a two-lane highway during daytime under clear weather.] [2s: The ego vehicle brakes hard and veers to avoid collision. The other vehicle corrects course just in time.] [4s: Both vehicles stabilize. A close call but no actual contact. Traffic resumes normally.],[0s: Dashcam records driving on a multi-lane road during daytime under clear weather. Traffic appears normal.] [2s: A vehicle suddenly appears. The ego vehicle is involved in a T-bone collision near frame 42.] [4s: The collision occurs with visible impact. Debris scatters across the road.]
001117,[0s: Dashcam shows vehicle driving on a busy intersection during daytime under clear weather. Traffic flows smoothly.] [2s: The vehicle maintains safe following distance. Other vehicles move predictably.] [4s: Journey continues without incident. All traffic signals obeyed and road remains clear.],[0s: A vehicle suddenly swerves into the lane on a rural road during daytime under clear weather.] [2s: The ego vehicle brakes hard and veers to avoid collision. The other vehicle corrects course just in time.] [4s: Both vehicles stabilize. A close call but no actual contact. Traffic resumes normally.],[0s: Dashcam records driving on a downtown street during daytime under clear weather. Traffic appears normal.] [2s: A vehicle suddenly appears. The ego vehicle is involved in a multi-vehicle pileup near frame 45.] [4s: The collision occurs with visible impact. Debris scatters across the road.]
001120,[0s: Dashcam shows vehicle driving on a multi-lane road during daytime under clear weather. Traffic flows smoothly.] [2s: The vehicle maintains safe following distance. Other vehicles move predictably.] [4s: Journey continues without incident. All traffic signals obeyed and road remains clear.],[0s: A vehicle suddenly swerves into the lane on a downtown street during daytime under clear weather.] [2s: The ego vehicle brakes hard and veers to avoid collision. The other vehicle corrects course just in time.] [4s: Both vehicles stabilize. A close call but no actual contact. Traffic resumes normally.],[0s: Dashcam records driving on a rural road during daytime under clear weather. Traffic appears normal.] [2s: A vehicle suddenly appears. The ego vehicle is involved in a T-bone collision near frame 32.] [4s: The collision occurs with visible impact. Debris scatters across the road.]
001160,[0s: Dashcam shows vehicle driving on a multi-lane road during daytime under clear weather. Traffic flows smoothly.] [2s: The vehicle maintains safe following distance. Other vehicles move predictably.] [4s: Journey continues without incident. All traffic signals obeyed and road remains clear.],[0s: A vehicle suddenly swerves into the lane on a residential street during daytime under clear weather.] [2s: A nearby vehicle brakes hard and veers to avoid collision. The other vehicle corrects course just in time.] [4s: Both vehicles stabilize. A close call but no actual contact. Traffic resumes normally.],[0s: Dashcam records driving on a two-lane highway during daytime under clear weather. Traffic appears normal.] [2s: A vehicle suddenly appears. The ego vehicle witnesses a rear-end collision near frame 47.] [4s: The collision occurs with visible impact. Debris scatters across the road.]
001161,[0s: Dashcam shows vehicle driving on a downtown street during daytime under snowy conditions with reduced visibility. Traffic flows smoothly.] [2s: The vehicle maintains safe following distance. Other vehicles move predictably.] [4s: Journey continues without incident. All traffic signals obeyed and road remains clear.],[0s: A vehicle suddenly swerves into the lane on a multi-lane road during daytime under snowy conditions with reduced visibility.] [2s: A nearby vehicle brakes hard and veers to avoid collision. The other vehicle corrects course just in time.] [4s: Both vehicles stabilize. A close call but no actual contact. Traffic resumes normally.],[0s: Dashcam records driving on a residential street during daytime under snowy conditions with reduced visibility. Traffic appears normal.] [2s: A vehicle suddenly appears. The ego vehicle witnesses a multi-vehicle pileup near frame 34.] [4s: The collision occurs with visible impact. Debris scatters across the road.]
001175,[0s: Dashcam shows vehicle driving on a rural road during daytime under snowy conditions with reduced visibility. Traffic flows smoothly.] [2s: The vehicle maintains safe following distance. Other vehicles move predictably.] [4s: Journey continues without incident. All traffic signals obeyed and road remains clear.],[0s: A vehicle suddenly swerves into the lane on a two-lane highway during daytime under snowy conditions with reduced visibility.] [2s: The ego vehicle brakes hard and veers to avoid collision. The other vehicle corrects course just in time.] [4s: Both vehicles stabilize. A close call but no actual contact. Traffic resumes normally.],[0s: Dashcam records driving on a multi-lane road during daytime under snowy conditions with reduced visibility. Traffic appears normal.] [2s: A vehicle suddenly appears. The ego vehicle is involved in a rear-end collision near frame 47.] [4s: The collision occurs with visible impact. Debris scatters across the road.]
001177,[0s: Dashcam shows vehicle driving on a rural road during daytime under snowy conditions with reduced visibility. Traffic flows smoothly.] [2s: The vehicle maintains safe following distance. Other vehicles move predictably.] [4s: Journey continues without incident. All traffic signals obeyed and road remains clear.],[0s: A vehicle suddenly swerves into the lane on a residential street during daytime under snowy conditions with reduced visibility.] [2s: The ego vehicle brakes hard and veers to avoid collision. The other vehicle corrects course just in time.] [4s: Both vehicles stabilize. A close call but no actual contact. Traffic resumes normally.],[0s: Dashcam records driving on a rural road during daytime under snowy conditions with reduced visibility. Traffic appears normal.] [2s: A vehicle suddenly appears. The ego vehicle is involved in a multi-vehicle pileup near frame 34.] [4s: The collision occurs with visible impact. Debris scatters across the road.]
001191,[0s: Dashcam shows vehicle driving on a highway on-ramp during daytime under clear weather. Traffic flows smoothly.] [2s: The vehicle maintains safe following distance. Other vehicles move predictably.] [4s: Journey continues without incident. All traffic signals obeyed and road remains clear.],[0s: A vehicle suddenly swerves into the lane on a rural road during daytime under clear weather.] [2s: A nearby vehicle brakes hard and veers to avoid collision. The other vehicle corrects course just in time.] [4s: Both vehicles stabilize. A close call but no actual contact. Traffic resumes normally.],[0s: Dashcam records driving on a downtown street during daytime under clear weather. Traffic appears normal.] [2s: A vehicle suddenly appears. The ego vehicle witnesses a multi-vehicle pileup near frame 43.] [4s: The collision occurs with visible impact. Debris scatters across the road.]
001192,[0s: Dashcam shows vehicle driving on a rural road during daytime under clear weather. Traffic flows smoothly.] [2s: The vehicle maintains safe following distance. Other vehicles move predictably.] [4s: Journey continues without incident. All traffic signals obeyed and road remains clear.],[0s: A vehicle suddenly swerves into the lane on a residential street during daytime under clear weather.] [2s: The ego vehicle brakes hard and veers to avoid collision. The other vehicle corrects course just in time.] [4s: Both vehicles stabilize. A close call but no actual contact. Traffic resumes normally.],[0s: Dashcam records driving on a rural road during daytime under clear weather. Traffic appears normal.] [2s: A vehicle suddenly appears. The ego vehicle is involved in a T-bone collision near frame 37.] [4s: The collision occurs with visible impact. Debris scatters across the road.]
001201,[0s: Dashcam shows vehicle driving on a suburban avenue during daytime under rainy weather with wet roads. Traffic flows smoothly.] [2s: The vehicle maintains safe following distance. Other vehicles move predictably.] [4s: Journey continues without incident. All traffic signals obeyed and road remains clear.],[0s: A vehicle suddenly swerves into the lane on a multi-lane road during daytime under rainy weather with wet roads.] [2s: The ego vehicle brakes hard and veers to avoid collision. The other vehicle corrects course just in time.] [4s: Both vehicles stabilize. A close call but no actual contact. Traffic resumes normally.],[0s: Dashcam records driving on a suburban avenue during daytime under rainy weather with wet roads. Traffic appears normal.] [2s: A vehicle suddenly appears. The ego vehicle is involved in a multi-vehicle pileup near frame 37.] [4s: The collision occurs with visible impact. Debris scatters across the road.]
001202,[0s: Dashcam shows vehicle driving on a rural road during daytime under clear weather. Traffic flows smoothly.] [2s: The vehicle maintains safe following distance. Other vehicles move predictably.] [4s: Journey continues without incident. All traffic signals obeyed and road remains clear.],[0s: A vehicle suddenly swerves into the lane on a multi-lane road during daytime under clear weather.] [2s: The ego vehicle brakes hard and veers to avoid collision. The other vehicle corrects course just in time.] [4s: Both vehicles stabilize. A close call but no actual contact. Traffic resumes normally.],[0s: Dashcam records driving on a suburban avenue during daytime under clear weather. Traffic appears normal.] [2s: A vehicle suddenly appears. The ego vehicle is involved in a T-bone collision near frame 39.] [4s: The collision occurs with visible impact. Debris scatters across the road.]
001205,[0s: Dashcam shows vehicle driving on a busy intersection during daytime under clear weather. Traffic flows smoothly.] [2s: The vehicle maintains safe following distance. Other vehicles move predictably.] [4s: Journey continues without incident. All traffic signals obeyed and road remains clear.],[0s: A vehicle suddenly swerves into the lane on a suburban avenue during daytime under clear weather.] [2s: A nearby vehicle brakes hard and veers to avoid collision. The other vehicle corrects course just in time.] [4s: Both vehicles stabilize. A close call but no actual contact. Traffic resumes normally.],[0s: Dashcam records driving on a multi-lane road during daytime under clear weather. Traffic appears normal.] [2s: A vehicle suddenly appears. The ego vehicle witnesses a head-on collision near frame 45.] [4s: The collision occurs with visible impact. Debris scatters across the road.]
001223,[0s: Dashcam shows vehicle driving on a highway on-ramp during daytime under clear weather. Traffic flows smoothly.] [2s: The vehicle maintains safe following distance. Other vehicles move predictably.] [4s: Journey continues without incident. All traffic signals obeyed and road remains clear.],[0s: A vehicle suddenly swerves into the lane on a highway on-ramp during daytime under clear weather.] [2s: A nearby vehicle brakes hard and veers to avoid collision. The other vehicle corrects course just in time.] [4s: Both vehicles stabilize. A close call but no actual contact. Traffic resumes normally.],[0s: Dashcam records driving on a busy intersection during daytime under clear weather. Traffic appears normal.] [2s: A vehicle suddenly appears. The ego vehicle witnesses a side-swipe collision near frame 33.] [4s: The collision occurs with visible impact. Debris scatters across the road.]
001254,[0s: Dashcam shows vehicle driving on a residential street during daytime under clear weather. Traffic flows smoothly.] [2s: The vehicle maintains safe following distance. Other vehicles move predictably.] [4s: Journey continues without incident. All traffic signals obeyed and road remains clear.],[0s: A vehicle suddenly swerves into the lane on a multi-lane road during daytime under clear weather.] [2s: The ego vehicle brakes hard and veers to avoid collision. The other vehicle corrects course just in time.] [4s: Both vehicles stabilize. A close call but no actual contact. Traffic resumes normally.],[0s: Dashcam records driving on a downtown street during daytime under clear weather. Traffic appears normal.] [2s: A vehicle suddenly appears. The ego vehicle is involved in a side-swipe collision near frame 42.] [4s: The collision occurs with visible impact. Debris scatters across the road.]
001263,[0s: Dashcam shows vehicle driving on a multi-lane road during daytime under clear weather. Traffic flows smoothly.] [2s: The vehicle maintains safe following distance. Other vehicles move predictably.] [4s: Journey continues without incident. All traffic signals obeyed and road remains clear.],[0s: A vehicle suddenly swerves into the lane on a busy intersection during daytime under clear weather.] [2s: The ego vehicle brakes hard and veers to avoid collision. The other vehicle corrects course just in time.] [4s: Both vehicles stabilize. A close call but no actual contact. Traffic resumes normally.],[0s: Dashcam records driving on a downtown street during daytime under clear weather. Traffic appears normal.] [2s: A vehicle suddenly appears. The ego vehicle is involved in a T-bone collision near frame 41.] [4s: The collision occurs with visible impact. Debris scatters across the road.]
001265,[0s: Dashcam shows vehicle driving on a highway on-ramp during daytime under clear weather. Traffic flows smoothly.] [2s: The vehicle maintains safe following distance. Other vehicles move predictably.] [4s: Journey continues without incident. All traffic signals obeyed and road remains clear.],[0s: A vehicle suddenly swerves into the lane on a rural road during daytime under clear weather.] [2s: The ego vehicle brakes hard and veers to avoid collision. The other vehicle corrects course just in time.] [4s: Both vehicles stabilize. A close call but no actual contact. Traffic resumes normally.],[0s: Dashcam records driving on a downtown street during daytime under clear weather. Traffic appears normal.] [2s: A vehicle suddenly appears. The ego vehicle is involved in a rear-end collision near frame 36.] [4s: The collision occurs with visible impact. Debris scatters across the road.]
001270,[0s: Dashcam shows vehicle driving on a multi-lane road during daytime under clear weather. Traffic flows smoothly.] [2s: The vehicle maintains safe following distance. Other vehicles move predictably.] [4s: Journey continues without incident. All traffic signals obeyed and road remains clear.],[0s: A vehicle suddenly swerves into the lane on a downtown street during daytime under clear weather.] [2s: The ego vehicle brakes hard and veers to avoid collision. The other vehicle corrects course just in time.] [4s: Both vehicles stabilize. A close call but no actual contact. Traffic resumes normally.],[0s: Dashcam records driving on a downtown street during daytime under clear weather. Traffic appears normal.] [2s: A vehicle suddenly appears. The ego vehicle is involved in a multi-vehicle pileup near frame 46.] [4s: The collision occurs with visible impact. Debris scatters across the road.]
001278,[0s: Dashcam shows vehicle driving on a two-lane highway during daytime under rainy weather with wet roads. Traffic flows smoothly.] [2s: The vehicle maintains safe following distance. Other vehicles move predictably.] [4s: Journey continues without incident. All traffic signals obeyed and road remains clear.],[0s: A vehicle suddenly swerves into the lane on a downtown street during daytime under rainy weather with wet roads.] [2s: The ego vehicle brakes hard and veers to avoid collision. The other vehicle corrects course just in time.] [4s: Both vehicles stabilize. A close call but no actual contact. Traffic resumes normally.],[0s: Dashcam records driving on a rural road during daytime under rainy weather with wet roads. Traffic appears normal.] [2s: A vehicle suddenly appears. The ego vehicle is involved in a rear-end collision near frame 33.] [4s: The collision occurs with visible impact. Debris scatters across the road.]
001283,[0s: Dashcam shows vehicle driving on a highway on-ramp during daytime under clear weather. Traffic flows smoothly.] [2s: The vehicle maintains safe following distance. Other vehicles move predictably.] [4s: Journey continues without incident. All traffic signals obeyed and road remains clear.],[0s: A vehicle suddenly swerves into the lane on a suburban avenue during daytime under clear weather.] [2s: A nearby vehicle brakes hard and veers to avoid collision. The other vehicle corrects course just in time.] [4s: Both vehicles stabilize. A close call but no actual contact. Traffic resumes normally.],[0s: Dashcam records driving on a downtown street during daytime under clear weather. Traffic appears normal.] [2s: A vehicle suddenly appears. The ego vehicle witnesses a T-bone collision near frame 44.] [4s: The collision occurs with visible impact. Debris scatters across the road.]
001286,[0s: Dashcam shows vehicle driving on a multi-lane road during daytime under clear weather. Traffic flows smoothly.] [2s: The vehicle maintains safe following distance. Other vehicles move predictably.] [4s: Journey continues without incident. All traffic signals obeyed and road remains clear.],[0s: A vehicle suddenly swerves into the lane on a rural road during daytime under clear weather.] [2s: The ego vehicle brakes hard and veers to avoid collision. The other vehicle corrects course just in time.] [4s: Both vehicles stabilize. A close call but no actual contact. Traffic resumes normally.],[0s: Dashcam records driving on a multi-lane road during daytime under clear weather. Traffic appears normal.] [2s: A vehicle suddenly appears. The ego vehicle is involved in a head-on collision near frame 34.] [4s: The collision occurs with visible impact. Debris scatters across the road.]
001288,[0s: Dashcam shows vehicle driving on a downtown street during nighttime under clear weather. Traffic flows smoothly.] [2s: The vehicle maintains safe following distance. Other vehicles move predictably.] [4s: Journey continues without incident. All traffic signals obeyed and road remains clear.],[0s: A vehicle suddenly swerves into the lane on a rural road during nighttime under clear weather.] [2s: The ego vehicle brakes hard and veers to avoid collision. The other vehicle corrects course just in time.] [4s: Both vehicles stabilize. A close call but no actual contact. Traffic resumes normally.],[0s: Dashcam records driving on a two-lane highway during nighttime under clear weather. Traffic appears normal.] [2s: A vehicle suddenly appears. The ego vehicle is involved in a T-bone collision near frame 45.] [4s: The collision occurs with visible impact. Debris scatters across the road.]
001292,[0s: Dashcam shows vehicle driving on a highway on-ramp during nighttime under clear weather. Traffic flows smoothly.] [2s: The vehicle maintains safe following distance. Other vehicles move predictably.] [4s: Journey continues without incident. All traffic signals obeyed and road remains clear.],[0s: A vehicle suddenly swerves into the lane on a downtown street during nighttime under clear weather.] [2s: The ego vehicle brakes hard and veers to avoid collision. The other vehicle corrects course just in time.] [4s: Both vehicles stabilize. A close call but no actual contact. Traffic resumes normally.],[0s: Dashcam records driving on a residential street during nighttime under clear weather. Traffic appears normal.] [2s: A vehicle suddenly appears. The ego vehicle is involved in a T-bone collision near frame 30.] [4s: The collision occurs with visible impact. Debris scatters across the road.]
001306,[0s: Dashcam shows vehicle driving on a residential street during daytime under clear weather. Traffic flows smoothly.] [2s: The vehicle maintains safe following distance. Other vehicles move predictably.] [4s: Journey continues without incident. All traffic signals obeyed and road remains clear.],[0s: A vehicle suddenly swerves into the lane on a two-lane highway during daytime under clear weather.] [2s: The ego vehicle brakes hard and veers to avoid collision. The other vehicle corrects course just in time.] [4s: Both vehicles stabilize. A close call but no actual contact. Traffic resumes normally.],[0s: Dashcam records driving on a downtown street during daytime under clear weather. Traffic appears normal.] [2s: A vehicle suddenly appears. The ego vehicle is involved in a multi-vehicle pileup near frame 34.] [4s: The collision occurs with visible impact. Debris scatters across the road.]
001308,[0s: Dashcam shows vehicle driving on a two-lane highway during daytime under clear weather. Traffic flows smoothly.] [2s: The vehicle maintains safe following distance. Other vehicles move predictably.] [4s: Journey continues without incident. All traffic signals obeyed and road remains clear.],[0s: A vehicle suddenly swerves into the lane on a busy intersection during daytime under clear weather.] [2s: The ego vehicle brakes hard and veers to avoid collision. The other vehicle corrects course just in time.] [4s: Both vehicles stabilize. A close call but no actual contact. Traffic resumes normally.],[0s: Dashcam records driving on a downtown street during daytime under clear weather. Traffic appears normal.] [2s: A vehicle suddenly appears. The ego vehicle is involved in a side-swipe collision near frame 31.] [4s: The collision occurs with visible impact. Debris scatters across the road.]
001319,[0s: Dashcam shows vehicle driving on a rural road during daytime under clear weather. Traffic flows smoothly.] [2s: The vehicle maintains safe following distance. Other vehicles move predictably.] [4s: Journey continues without incident. All traffic signals obeyed and road remains clear.],[0s: A vehicle suddenly swerves into the lane on a residential street during daytime under clear weather.] [2s: A nearby vehicle brakes hard and veers to avoid collision. The other vehicle corrects course just in time.] [4s: Both vehicles stabilize. A close call but no actual contact. Traffic resumes normally.],[0s: Dashcam records driving on a two-lane highway during daytime under clear weather. Traffic appears normal.] [2s: A vehicle suddenly appears. The ego vehicle witnesses a head-on collision near frame 31.] [4s: The collision occurs with visible impact. Debris scatters across the road.]
001327,[0s: Dashcam shows vehicle driving on a downtown street during daytime under rainy weather with wet roads. Traffic flows smoothly.] [2s: The vehicle maintains safe following distance. Other vehicles move predictably.] [4s: Journey continues without incident. All traffic signals obeyed and road remains clear.],[0s: A vehicle suddenly swerves into the lane on a highway on-ramp during daytime under rainy weather with wet roads.] [2s: The ego vehicle brakes hard and veers to avoid collision. The other vehicle corrects course just in time.] [4s: Both vehicles stabilize. A close call but no actual contact. Traffic resumes normally.],[0s: Dashcam records driving on a multi-lane road during daytime under rainy weather with wet roads. Traffic appears normal.] [2s: A vehicle suddenly appears. The ego vehicle is involved in a T-bone collision near frame 40.] [4s: The collision occurs with visible impact. Debris scatters across the road.]
001328,[0s: Dashcam shows vehicle driving on a highway on-ramp during daytime under clear weather. Traffic flows smoothly.] [2s: The vehicle maintains safe following distance. Other vehicles move predictably.] [4s: Journey continues without incident. All traffic signals obeyed and road remains clear.],[0s: A vehicle suddenly swerves into the lane on a highway on-ramp during daytime under clear weather.] [2s: A nearby vehicle brakes hard and veers to avoid collision. The other vehicle corrects course just in time.] [4s: Both vehicles stabilize. A close call but no actual contact. Traffic resumes normally.],[0s: Dashcam records driving on a downtown street during daytime under clear weather. Traffic appears normal.] [2s: A vehicle suddenly appears. The ego vehicle witnesses a head-on collision near frame 31.] [4s: The collision occurs with visible impact. Debris scatters across the road.]
001332,[0s: Dashcam shows vehicle driving on a downtown street during daytime under clear weather. Traffic flows smoothly.] [2s: The vehicle maintains safe following distance. Other vehicles move predictably.] [4s: Journey continues without incident. All traffic signals obeyed and road remains clear.],[0s: A vehicle suddenly swerves into the lane on a suburban avenue during daytime under clear weather.] [2s: The ego vehicle brakes hard and veers to avoid collision. The other vehicle corrects course just in time.] [4s: Both vehicles stabilize. A close call but no actual contact. Traffic resumes normally.],[0s: Dashcam records driving on a busy intersection during daytime under clear weather. Traffic appears normal.] [2s: A vehicle suddenly appears. The ego vehicle is involved in a T-bone collision near frame 38.] [4s: The collision occurs with visible impact. Debris scatters across the road.]
001340,[0s: Dashcam shows vehicle driving on a two-lane highway during daytime under clear weather. Traffic flows smoothly.] [2s: The vehicle maintains safe following distance. Other vehicles move predictably.] [4s: Journey continues without incident. All traffic signals obeyed and road remains clear.],[0s: A vehicle suddenly swerves into the lane on a two-lane highway during daytime under clear weather.] [2s: A nearby vehicle brakes hard and veers to avoid collision. The other vehicle corrects course just in time.] [4s: Both vehicles stabilize. A close call but no actual contact. Traffic resumes normally.],[0s: Dashcam records driving on a highway on-ramp during daytime under clear weather. Traffic appears normal.] [2s: A vehicle suddenly appears. The ego vehicle witnesses a side-swipe collision near frame 32.] [4s: The collision occurs with visible impact. Debris scatters across the road.]
001352,[0s: Dashcam shows vehicle driving on a busy intersection during nighttime under clear weather. Traffic flows smoothly.] [2s: The vehicle maintains safe following distance. Other vehicles move predictably.] [4s: Journey continues without incident. All traffic signals obeyed and road remains clear.],[0s: A vehicle suddenly swerves into the lane on a two-lane highway during nighttime under clear weather.] [2s: The ego vehicle brakes hard and veers to avoid collision. The other vehicle corrects course just in time.] [4s: Both vehicles stabilize. A close call but no actual contact. Traffic resumes normally.],[0s: Dashcam records driving on a two-lane highway during nighttime under clear weather. Traffic appears normal.] [2s: A vehicle suddenly appears. The ego vehicle is involved in a side-swipe collision near frame 34.] [4s: The collision occurs with visible impact. Debris scatters across the road.]
001353,[0s: Dashcam shows vehicle driving on a multi-lane road during daytime under snowy conditions with reduced visibility. Traffic flows smoothly.] [2s: The vehicle maintains safe following distance. Other vehicles move predictably.] [4s: Journey continues without incident. All traffic signals obeyed and road remains clear.],[0s: A vehicle suddenly swerves into the lane on a two-lane highway during daytime under snowy conditions with reduced visibility.] [2s: The ego vehicle brakes hard and veers to avoid collision. The other vehicle corrects course just in time.] [4s: Both vehicles stabilize. A close call but no actual contact. Traffic resumes normally.],[0s: Dashcam records driving on a residential street during daytime under snowy conditions with reduced visibility. Traffic appears normal.] [2s: A vehicle suddenly appears. The ego vehicle is involved in a side-swipe collision near frame 38.] [4s: The collision occurs with visible impact. Debris scatters across the road.]
001356,[0s: Dashcam shows vehicle driving on a residential street during daytime under rainy weather with wet roads. Traffic flows smoothly.] [2s: The vehicle maintains safe following distance. Other vehicles move predictably.] [4s: Journey continues without incident. All traffic signals obeyed and road remains clear.],[0s: A vehicle suddenly swerves into the lane on a rural road during daytime under rainy weather with wet roads.] [2s: A nearby vehicle brakes hard and veers to avoid collision. The other vehicle corrects course just in time.] [4s: Both vehicles stabilize. A close call but no actual contact. Traffic resumes normally.],[0s: Dashcam records driving on a busy intersection during daytime under rainy weather with wet roads. Traffic appears normal.] [2s: A vehicle suddenly appears. The ego vehicle witnesses a multi-vehicle pileup near frame 34.] [4s: The collision occurs with visible impact. Debris scatters across the road.]
001369,[0s: Dashcam shows vehicle driving on a multi-lane road during daytime under clear weather. Traffic flows smoothly.] [2s: The vehicle maintains safe following distance. Other vehicles move predictably.] [4s: Journey continues without incident. All traffic signals obeyed and road remains clear.],[0s: A vehicle suddenly swerves into the lane on a rural road during daytime under clear weather.] [2s: A nearby vehicle brakes hard and veers to avoid collision. The other vehicle corrects course just in time.] [4s: Both vehicles stabilize. A close call but no actual contact. Traffic resumes normally.],[0s: Dashcam records driving on a suburban avenue during daytime under clear weather. Traffic appears normal.] [2s: A vehicle suddenly appears. The ego vehicle witnesses a head-on collision near frame 39.] [4s: The collision occurs with visible impact. Debris scatters across the road.]
001372,[0s: Dashcam shows vehicle driving on a residential street during daytime under clear weather. Traffic flows smoothly.] [2s: The vehicle maintains safe following distance. Other vehicles move predictably.] [4s: Journey continues without incident. All traffic signals obeyed and road remains clear.],[0s: A vehicle suddenly swerves into the lane on a busy intersection during daytime under clear weather.] [2s: A nearby vehicle brakes hard and veers to avoid collision. The other vehicle corrects course just in time.] [4s: Both vehicles stabilize. A close call but no actual contact. Traffic resumes normally.],[0s: Dashcam records driving on a residential street during daytime under clear weather. Traffic appears normal.] [2s: A vehicle suddenly appears. The ego vehicle witnesses a head-on collision near frame 38.] [4s: The collision occurs with visible impact. Debris scatters across the road.]
001380,[0s: Dashcam shows vehicle driving on a busy intersection during daytime under clear weather. Traffic flows smoothly.] [2s: The vehicle maintains safe following distance. Other vehicles move predictably.] [4s: Journey continues without incident. All traffic signals obeyed and road remains clear.],[0s: A vehicle suddenly swerves into the lane on a two-lane highway during daytime under clear weather.] [2s: The ego vehicle brakes hard and veers to avoid collision. The other vehicle corrects course just in time.] [4s: Both vehicles stabilize. A close call but no actual contact. Traffic resumes normally.],[0s: Dashcam records driving on a suburban avenue during daytime under clear weather. Traffic appears normal.] [2s: A vehicle suddenly appears. The ego vehicle is involved in a multi-vehicle pileup near frame 35.] [4s: The collision occurs with visible impact. Debris scatters across the road.]
001388,[0s: Dashcam shows vehicle driving on a downtown street during daytime under clear weather. Traffic flows smoothly.] [2s: The vehicle maintains safe following distance. Other vehicles move predictably.] [4s: Journey continues without incident. All traffic signals obeyed and road remains clear.],[0s: A vehicle suddenly swerves into the lane on a downtown street during daytime under clear weather.] [2s: The ego vehicle brakes hard and veers to avoid collision. The other vehicle corrects course just in time.] [4s: Both vehicles stabilize. A close call but no actual contact. Traffic resumes normally.],[0s: Dashcam records driving on a multi-lane road during daytime under clear weather. Traffic appears normal.] [2s: A vehicle suddenly appears. The ego vehicle is involved in a rear-end collision near frame 42.] [4s: The collision occurs with visible impact. Debris scatters across the road.]
001398,[0s: Dashcam shows vehicle driving on a multi-lane road during daytime under clear weather. Traffic flows smoothly.] [2s: The vehicle maintains safe following distance. Other vehicles move predictably.] [4s: Journey continues without incident. All traffic signals obeyed and road remains clear.],[0s: A vehicle suddenly swerves into the lane on a busy intersection during daytime under clear weather.] [2s: A nearby vehicle brakes hard and veers to avoid collision. The other vehicle corrects course just in time.] [4s: Both vehicles stabilize. A close call but no actual contact. Traffic resumes normally.],[0s: Dashcam records driving on a suburban avenue during daytime under clear weather. Traffic appears normal.] [2s: A vehicle suddenly appears. The ego vehicle witnesses a multi-vehicle pileup near frame 33.] [4s: The collision occurs with visible impact. Debris scatters across the road.]
001416,[0s: Dashcam shows vehicle driving on a busy intersection during daytime under clear weather. Traffic flows smoothly.] [2s: The vehicle maintains safe following distance. Other vehicles move predictably.] [4s: Journey continues without incident. All traffic signals obeyed and road remains clear.],[0s: A vehicle suddenly swerves into the lane on a two-lane highway during daytime under clear weather.] [2s: The ego vehicle brakes hard and veers to avoid collision. The other vehicle corrects course just in time.] [4s: Both vehicles stabilize. A close call but no actual contact. Traffic resumes normally.],[0s: Dashcam records driving on a highway on-ramp during daytime under clear weather. Traffic appears normal.] [2s: A vehicle suddenly appears. The ego vehicle is involved in a multi-vehicle pileup near frame 46.] [4s: The collision occurs with visible impact. Debris scatters across the road.]
001445,[0s: Dashcam shows vehicle driving on a downtown street during daytime under clear weather. Traffic flows smoothly.] [2s: The vehicle maintains safe following distance. Other vehicles move predictably.] [4s: Journey continues without incident. All traffic signals obeyed and road remains clear.],[0s: A vehicle suddenly swerves into the lane on a highway on-ramp during daytime under clear weather.] [2s: The ego vehicle brakes hard and veers to avoid collision. The other vehicle corrects course just in time.] [4s: Both vehicles stabilize. A close call but no actual contact. Traffic resumes normally.],[0s: Dashcam records driving on a busy intersection during daytime under clear weather. Traffic appears normal.] [2s: A vehicle suddenly appears. The ego vehicle is involved in a multi-vehicle pileup near frame 33.] [4s: The collision occurs with visible impact. Debris scatters across the road.]
001449,[0s: Dashcam shows vehicle driving on a highway on-ramp during daytime under clear weather. Traffic flows smoothly.] [2s: The vehicle maintains safe following distance. Other vehicles move predictably.] [4s: Journey continues without incident. All traffic signals obeyed and road remains clear.],[0s: A vehicle suddenly swerves into the lane on a two-lane highway during daytime under clear weather.] [2s: A nearby vehicle brakes hard and veers to avoid collision. The other vehicle corrects course just in time.] [4s: Both vehicles stabilize. A close call but no actual contact. Traffic resumes normally.],[0s: Dashcam records driving on a downtown street during daytime under clear weather. Traffic appears normal.] [2s: A vehicle suddenly appears. The ego vehicle witnesses a T-bone collision near frame 37.] [4s: The collision occurs with visible impact. Debris scatters across the road.]
001473,[0s: Dashcam shows vehicle driving on a busy intersection during daytime under snowy conditions with reduced visibility. Traffic flows smoothly.] [2s: The vehicle maintains safe following distance. Other vehicles move predictably.] [4s: Journey continues without incident. All traffic signals obeyed and road remains clear.],[0s: A vehicle suddenly swerves into the lane on a downtown street during daytime under snowy conditions with reduced visibility.] [2s: The ego vehicle brakes hard and veers to avoid collision. The other vehicle corrects course just in time.] [4s: Both vehicles stabilize. A close call but no actual contact. Traffic resumes normally.],[0s: Dashcam records driving on a highway on-ramp during daytime under snowy conditions with reduced visibility. Traffic appears normal.] [2s: A vehicle suddenly appears. The ego vehicle is involved in a T-bone collision near frame 44.] [4s: The collision occurs with visible impact. Debris scatters across the road.]
001478,[0s: Dashcam shows vehicle driving on a residential street during daytime under snowy conditions with reduced visibility. Traffic flows smoothly.] [2s: The vehicle maintains safe following distance. Other vehicles move predictably.] [4s: Journey continues without incident. All traffic signals obeyed and road remains clear.],[0s: A vehicle suddenly swerves into the lane on a downtown street during daytime under snowy conditions with reduced visibility.] [2s: The ego vehicle brakes hard and veers to avoid collision. The other vehicle corrects course just in time.] [4s: Both vehicles stabilize. A close call but no actual contact. Traffic resumes normally.],[0s: Dashcam records driving on a residential street during daytime under snowy conditions with reduced visibility. Traffic appears normal.] [2s: A vehicle suddenly appears. The ego vehicle is involved in a multi-vehicle pileup near frame 49.] [4s: The collision occurs with visible impact. Debris scatters across the road.]
001495,[0s: Dashcam shows vehicle driving on a suburban avenue during daytime under clear weather. Traffic flows smoothly.] [2s: The vehicle maintains safe following distance. Other vehicles move predictably.] [4s: Journey continues without incident. All traffic signals obeyed and road remains clear.],[0s: A vehicle suddenly swerves into the lane on a rural road during daytime under clear weather.] [2s: The ego vehicle brakes hard and veers to avoid collision. The other vehicle corrects course just in time.] [4s: Both vehicles stabilize. A close call but no actual contact. Traffic resumes normally.],[0s: Dashcam records driving on a rural road during daytime under clear weather. Traffic appears normal.] [2s: A vehicle suddenly appears. The ego vehicle is involved in a T-bone collision near frame 35.] [4s: The collision occurs with visible impact. Debris scatters across the road.]
